name,superclass,class,hfcSymbol,iconSource,makiIcon,optionalTags,description,howToMap,altNames,tags,point,vertex,line,polygon,JSON_Fields,layerIndex,inCarto,inEditor,inGuide,OSM_Line,OSM_Poly,JSON_Maki_Line,JSON_Icon_Line,JSON_Maki_Poly,JSON_Icon_Poly,POI,POI_Values,POI_Default,POI_OSM_Tags,POI_GIS_Tags,Road,Road_Values,Road_Default,Road_OSM_Tags,Road_GIS_Tags,Trail,Trail_Values,Trail_Default,Trail_OSM_Tags,Trail_GIS_Tags,Building,Building_Values,Building_Default,Building_OSM_Tags,Building_GIS_Tags
Wheelchair Accessible,Accessibility,Wheelchair-accessible,Wheelchair-accessible,npmap-symbol-library,wheelchair-accessible-black,,,,"{""wheelchair accessible"",wheelchair,accessible}","{""wheelchair"":""yes""}",x,,,,"{name,nps/unitcode}",10,TRUE,TRUE,TRUE,x,x,,,,,Yes,"{""POITYPE"":""Wheelchair Accessible""}",,"{""name"",""entrance""}","{""POINAME"",""POIFEATTYPE""}",,,,,,,,,,,,,,,
Floating Restroom,Accommodation,Floating Restroom,Floating dump station/restroom,npmap-symbol-library,restrooms-black,,,,"{""floating restroom""}","{""amenity"":""toilets"",""type"":""floating""}",x,,,,"{name,nps/unitcode,operator,address,opening_hours,toilets/disposal,gender,indoor,fee,access}",10,TRUE,TRUE,TRUE,,,,,,,,,,,,,,,,,,,,,,,,,,
Restroom,Accommodation,Restroom,,npmap-symbol-library,restrooms-black,,,,"{restroom,toilets,toilet,privy,head,bathroom,lavatory,wc,""water closet"",latrine,outhouse}","{""amenity"":""toilets""}",x,x,,,"{name,nps/unitcode,operator,address,opening_hours,toilets/disposal,gender,indoor,fee,access}",10,TRUE,TRUE,TRUE,,x,,,,,Yes,"{""POITYPE"":""Restroom""}",,"{""name"",""entrance""}","{""POINAME"",""POIFEATTYPE""}",,,,,,,,,,,Yes,,,"{""name""}","{""Common_Name""}"
Fence,Barrier,Fence,,,,,,,{fence},"{""barrier"":""fence""}",,,x,,"{name,nps/unitcode}",10,TRUE,TRUE,TRUE,,,,,,,,,,,,,,,,,,,,,,,,,,
Gate,Barrier,Gate,,,,,,,{gate},"{""barrier"":""gate""}",,,x,,"{name,nps/unitcode}",10,TRUE,TRUE,TRUE,,,,,,,,,,,,,,,,,,,,,,,,,,
Barn,Building,Agricultural,,maki,farm,,,,{barn},"{""building"":""barn""}",x,,,,"{name,nps/unitcode,address,levels,landuse}",70,TRUE,TRUE,TRUE,,x,,,,,Yes,"{""POITYPE"":""Barn""}",,"{""name"",""entrance""}","{""POINAME"",""POIFEATTYPE""}",,,,,,,,,,,Yes,,,"{""name""}","{""Common_Name""}"
Greenhouse,Building,Agricultural,,maki,garden,,,,"{greenhouse,glasshouse,garden}","{""building"":""greenhouse""}",x,,,,"{name,nps/unitcode,address,levels}",70,TRUE,TRUE,TRUE,,x,,,,,Yes,"{""POITYPE"":""Greenhouse""}",,"{""name"",""entrance""}","{""POINAME"",""POIFEATTYPE""}",,,,,,,,,,,Yes,,,"{""name""}","{""Common_Name""}"
Stable,Building,Agricultural,,npmap-symbol-library,stable-black,,,,{stable},"{""building"":""stable""}",x,,,,"{name,nps/unitcode,address,levels,landuse}",70,TRUE,TRUE,TRUE,,x,,,,,Yes,"{""POITYPE"":""Stable""}",,"{""name"",""entrance""}","{""POINAME"",""POIFEATTYPE""}",,,,,,,,,,,Yes,,,"{""name""}","{""Common_Name""}"
Building,Building,Building,,maki,building,,,,"{building,structure}","{""building"":""*""}",x,,,,"{name,nps/unitcode,address,levels}",70,TRUE,TRUE,TRUE,,x,,,,,Yes,"{""POITYPE"":""Building""}",,"{""name"",""entrance""}","{""POINAME"",""POIFEATTYPE""}",,,,,,,,,,,Yes,,,"{""name""}","{""Common_Name""}"
Building Footprint,Building,Building,,maki,building,,,,"{building,structure}","{""building"":""*""}",,,,x,"{name,nps/unitcode,address,levels}",70,TRUE,TRUE,TRUE,,x,,,,,Yes,"{""POITYPE"":""Building""}",,"{""name"",""entrance""}","{""POINAME"",""POIFEATTYPE""}",,,,,,,,,,,Yes,,,"{""name""}","{""Common_Name""}"
Building Under Construction,Building,Building,,maki,building,,,,"{""building under construction"",construction,""under construction""}","{""building"":""construction""}",x,,,,"{name,nps/unitcode,address,levels}",70,TRUE,TRUE,TRUE,,x,,,,,Yes,"{""POITYPE"":""Building Under Construction""}",,"{""name"",""entrance""}","{""POINAME"",""POIFEATTYPE""}",,,,,,,,,,,Yes,,,"{""name""}","{""Common_Name""}"
Bunker,Building,Building,,maki,building,,,,"{bunker,""military bunker""}","{""building"":""bunker""}",x,,,,"{name,nps/unitcode,address,levels,bunker_type}",70,TRUE,TRUE,TRUE,,x,,,,,Yes,"{""POITYPE"":""Bunker""}",,"{""name"",""entrance""}","{""POINAME"",""POIFEATTYPE""}",,,,,,,,,,,Yes,,,"{""name""}","{""Common_Name""}"
Public Building,Building,Building,,maki,building,,,,"{""public building"",public,civic,""town hall"",""court house""}","{""building"":""public""}",x,,,,"{name,nps/unitcode,address,levels,smoking}",70,TRUE,TRUE,TRUE,,x,,,,,Yes,"{""POITYPE"":""Public Building""}",,"{""name"",""entrance""}","{""POINAME"",""POIFEATTYPE""}",,,,,,,,,,,Yes,,,"{""name""}","{""Common_Name""}"
Cabin,Building,Building,Shelter cabin,maki,building,,,,{cabin},"{""building"":""cabin""}",x,,,,"{name,nps/unitcode,address,levels}",70,TRUE,TRUE,TRUE,,x,,,,,Yes,"{""POITYPE"":""Cabin""}",,"{""name"",""entrance""}","{""POINAME"",""POIFEATTYPE""}",,,,,,,,,,,Yes,,,"{""name""}","{""Common_Name""}"
Administrative Office,Building,Commercial,,maki,commercial,,,,"{""administrative office"",""admin office"",government,""civil service""}","{""office"":""government""}",x,,,,"{name,nps/unitcode,operator,address,opening_hours}",70,TRUE,TRUE,TRUE,,x,,,,,Yes,"{""POITYPE"":""Administrative Office""}",,"{""name"",""entrance""}","{""POINAME"",""POIFEATTYPE""}",,,,,,,,,,,Yes,,,"{""name""}","{""Common_Name""}"
Commercial Building,Building,Commercial,,maki,commercial,,,,"{""commercial building"",commercial}","{""building"":""commercial""}",x,,,,"{name,nps/unitcode,address,levels,smoking}",70,TRUE,TRUE,TRUE,,x,,,,,Yes,"{""POITYPE"":""Commercial Building""}",,"{""name"",""entrance""}","{""POINAME"",""POIFEATTYPE""}",,,,,,,,,,,Yes,,,"{""name""}","{""Common_Name""}"
Headquarters,Building,Commercial,,maki,commercial,,,,"{headquarters,office,""government headquarters"",""government office"",""office building""}","{""building"":""office"",""office"":""government"",""function"":""headquarters""}",x,,,,"{name,nps/unitcode,operator,address,opening_hours}",70,TRUE,TRUE,TRUE,,x,,,,,Yes,"{""POITYPE"":""Headquarters""}",,"{""name"",""entrance""}","{""POINAME"",""POIFEATTYPE""}",,,,,,,,,,,Yes,,,"{""name""}","{""Common_Name""}"
Hospital Building,Building,Commercial,,npmap-symbol-library,hospital-black,,,,"{""hospital building"",hospital,ward,institution,infirmary,clinic,""emergency room"",doctor,""health service"",sick,surgery,medical,emergency}","{""building"":""hospital""}",x,,,,"{name,nps/unitcode,operator,address,emergency}",70,TRUE,TRUE,TRUE,,x,,,,,Yes,"{""POITYPE"":""Hospital Building""}",,"{""name"",""entrance""}","{""POINAME"",""POIFEATTYPE""}",,,,,,,,,,,Yes,,,"{""name""}","{""Common_Name""}"
Hotel Building,Building,Commercial,,npmap-symbol-library,lodging-black,,,,{hotel},"{""building"":""hotel""}",x,,,,"{name,nps/unitcode,address,levels,smoking}",70,TRUE,TRUE,TRUE,,x,,,,,Yes,"{""POITYPE"":""Hotel Building""}",,"{""name"",""entrance""}","{""POINAME"",""POIFEATTYPE""}",,,,,,,,,,,Yes,,,"{""name""}","{""Common_Name""}"
Industrial Building,Building,Commercial,,maki,industrial,,,,"{""industrial building"",industrial}","{""building"":""industrial""}",x,,,,"{name,nps/unitcode,address,levels,smoking}",70,TRUE,TRUE,TRUE,,x,,,,,Yes,"{""POITYPE"":""Industrial Building""}",,"{""name"",""entrance""}","{""POINAME"",""POIFEATTYPE""}",,,,,,,,,,,Yes,,,"{""name""}","{""Common_Name""}"
Office,Building,Commercial,,maki,commercial,,,,"{office,""office building""}","{""building"":""office""}",x,,,,"{name,nps/unitcode,address,levels,smoking}",70,TRUE,TRUE,TRUE,,x,,,,,Yes,"{""POITYPE"":""Office""}",,"{""name"",""entrance""}","{""POINAME"",""POIFEATTYPE""}",,,,,,,,,,,Yes,,,"{""name""}","{""Common_Name""}"
Retail Building,Building,Commercial,,maki,commercial,,,,"{""retail building"",retail}","{""building"":""retail""}",x,,,,"{name,nps/unitcode,address,levels,smoking}",70,TRUE,TRUE,TRUE,,x,,,,,Yes,"{""POITYPE"":""Retail Building""}",,"{""name"",""entrance""}","{""POINAME"",""POIFEATTYPE""}",,,,,,,,,,,Yes,,,"{""name""}","{""Common_Name""}"
Education Center,Building,Education,,,,,,,"{""education center""}","{""building"":""yes"",""amenity"":""education_centre""}",x,,,,"{name,nps/unitcode}",70,TRUE,TRUE,TRUE,,,,,,,,,,,,,,,,,,,,,,,,,,
School Building,Building,Education,,maki,school,,,,"{""school building"",school,academy,""elementary school"",""middle school"",""high school""}","{""building"":""school""}",x,,,,"{name,nps/unitcode,address,levels}",70,TRUE,TRUE,TRUE,,x,,,,,Yes,"{""POITYPE"":""School Building""}",,"{""name"",""entrance""}","{""POINAME"",""POIFEATTYPE""}",,,,,,,,,,,Yes,,,"{""name""}","{""Common_Name""}"
University Building,Building,Education,,maki,college,,,,"{""university building"",university,college}","{""building"":""university""}",x,,,,"{name,nps/unitcode,address,levels}",70,TRUE,TRUE,TRUE,,x,,,,,Yes,"{""POITYPE"":""University Building""}",,"{""name"",""entrance""}","{""POINAME"",""POIFEATTYPE""}",,,,,,,,,,,Yes,,,"{""name""}","{""Common_Name""}"
Historic Building,Building,Historic,Ruin,,,,,,"{""historic building""}","{""historic"":""building"",""building"":""yes""}",x,,,,"{name,nps/unitcode,site_type}",70,TRUE,TRUE,TRUE,,x,,,,,Yes,"{""POITYPE"":""Historic Building""}",,"{""name"",""entrance""}","{""POINAME"",""POIFEATTYPE""}",,,,,,,,,,,Yes,,,"{""name""}","{""Common_Name""}"
Historic Cabin,Building,Historic,Ruin,maki,building,,,,"{historic,cabin}","{""building"":""cabin"",""historic"":""yes""}",x,,,,"{name,nps/unitcode,address,levels}",70,TRUE,TRUE,TRUE,,x,,,,,Yes,"{""POITYPE"":""Cabin""}",,"{""name"",""entrance""}","{""POINAME"",""POIFEATTYPE""}",,,,,,,,,,,Yes,,,"{""name""}","{""Common_Name""}"
Cathedral,Building,Place of worship,,maki,place-of-worship,,,,{cathedral},"{""building"":""cathedral""}",x,,,,"{name,nps/unitcode,address,levels,religion}",70,TRUE,TRUE,TRUE,,x,,,,,Yes,"{""POITYPE"":""Cathedral""}",,"{""name"",""entrance""}","{""POINAME"",""POIFEATTYPE""}",,,,,,,,,,,Yes,,,"{""name""}","{""Common_Name""}"
Chapel,Building,Place of worship,,maki,place-of-worship,,,,{chapel},"{""building"":""chapel""}",x,,,,"{name,nps/unitcode,address,levels,religion}",70,TRUE,TRUE,TRUE,,x,,,,,Yes,"{""POITYPE"":""Chapel""}",,"{""name"",""entrance""}","{""POINAME"",""POIFEATTYPE""}",,,,,,,,,,,Yes,,,"{""name""}","{""Common_Name""}"
Church,Building,Place of worship,,maki,place-of-worship,,,,{church},"{""building"":""church""}",x,,,,"{name,nps/unitcode,address,levels,religion}",70,TRUE,TRUE,TRUE,,x,,,,,Yes,"{""POITYPE"":""Church""}",,"{""name"",""entrance""}","{""POINAME"",""POIFEATTYPE""}",,,,,,,,,,,Yes,,,"{""name""}","{""Common_Name""}"
Hut,Building,Primitive,,npmap-symbol-library,shelter-black,,,,{hut},"{""building"":""hut""}",x,,,,"{name,nps/unitcode,address,levels}",70,TRUE,TRUE,TRUE,,x,,,,,Yes,"{""POITYPE"":""Hut""}",,"{""name"",""entrance""}","{""POINAME"",""POIFEATTYPE""}",,,,,,,,,,,Yes,,,"{""name""}","{""Common_Name""}"
Shelter,Building,Primitive,,npmap-symbol-library,shelter-black,,,,"{shelter,sanctuary,cover,hide,lean-to,gazebo,picnic}","{""amenity"":""shelter"",""building"":""hut""}",x,,,,"{name,nps/unitcode,operator,address,shelter_type,drinking_water}",30,TRUE,TRUE,TRUE,,x,,,,,Yes,"{""POITYPE"":""Shelter""}",,"{""name"",""entrance""}","{""POINAME"",""POIFEATTYPE""}",,,,,,,,,,,Yes,,,"{""name""}","{""Common_Name""}"
Apartments,Building,Residential,,maki,building,,,,"{apartments,apartment,""apartment building""}","{""building"":""apartments""}",x,,,,"{name,nps/unitcode,address,levels}",70,TRUE,TRUE,TRUE,,x,,,,,Yes,"{""POITYPE"":""Apartments""}",,"{""name"",""entrance""}","{""POINAME"",""POIFEATTYPE""}",,,,,,,,,,,Yes,,,"{""name""}","{""Common_Name""}"
Detached Home,Building,Residential,,maki,building,,,,"{""detached home"",detached,""detached building""","{""building"":""detached""}",x,,,,"{name,nps/unitcode,address,levels}",70,TRUE,TRUE,TRUE,,x,,,,,Yes,"{""POITYPE"":""Detached Home""}",,"{""name"",""entrance""}","{""POINAME"",""POIFEATTYPE""}",,,,,,,,,,,Yes,,,"{""name""}","{""Common_Name""}"
Dormitory,Building,Residential,,maki,building,,,,"{dormitory,""residence hall"",dormatorium,dorm}","{""building"":""dormitory""}",x,,,,"{name,nps/unitcode,address,levels}",70,TRUE,TRUE,TRUE,,x,,,,,Yes,"{""POITYPE"":""Dormitory""}",,"{""name"",""entrance""}","{""POINAME"",""POIFEATTYPE""}",,,,,,,,,,,Yes,,,"{""name""}","{""Common_Name""}"
House,Building,Residential,,maki,building,,,,{house},"{""building"":""house""}",x,,,,"{name,nps/unitcode,address,levels}",70,TRUE,TRUE,TRUE,,x,,,,,Yes,"{""POITYPE"":""House""}",,"{""name"",""entrance""}","{""POINAME"",""POIFEATTYPE""}",,,,,,,,,,,Yes,,,"{""name""}","{""Common_Name""}"
Lodge,Building,Residential,,npmap-symbol-library,lodging-black,,,,"{lodge,""alpine hut"",""wilderness hut"",hut}","{""tourism"":""alpine_hut""}",x,,,,"{name,nps/unitcode,operator,address,opening_hours}",70,TRUE,TRUE,TRUE,,x,,,,,Yes,"{""POITYPE"":""Lodge""}",,"{""name"",""entrance""}","{""POINAME"",""POIFEATTYPE""}",,,,,,,,,,,Yes,,,"{""name""}","{""Common_Name""}"
Lodging,Building,Residential,,npmap-symbol-library,lodging-black,,,,"{lodging,hotel,motel,resort}","{""tourism"":""hotel""}",x,,,,"{name,nps/unitcode,address,levels,smoking}",70,TRUE,TRUE,TRUE,,x,,,,,Yes,"{""POITYPE"":""Lodging""}",,"{""name"",""entrance""}","{""POINAME"",""POIFEATTYPE""}",,,,,,,,,,,Yes,,,"{""name""}","{""Common_Name""}"
Residential Building,Building,Residential,,maki,building,,,,"{""residential building"",residential}","{""building"":""residential""}",x,,,,"{name,nps/unitcode,address,levels}",70,TRUE,TRUE,TRUE,,x,,,,,Yes,"{""POITYPE"":""Residential Building""}",,"{""name"",""entrance""}","{""POINAME"",""POIFEATTYPE""}",,,,,,,,,,,Yes,,,"{""name""}","{""Common_Name""}"
Row House,Building,Residential,,maki,building,,,,"{""row house"",terrace,townhouse}","{""building"":""terrace""}",x,,,,"{name,nps/unitcode,address,levels}",70,TRUE,TRUE,TRUE,,x,,,,,Yes,"{""POITYPE"":""Row House""}",,"{""name"",""entrance""}","{""POINAME"",""POIFEATTYPE""}",,,,,,,,,,,Yes,,,"{""name""}","{""Common_Name""}"
Static Mobile Home,Building,Residential,,maki,building,,,,"{""static mobile home"",""static caravan"",""mobile home""}","{""building"":""static_caravan""}",x,,,,"{name,nps/unitcode,address,levels}",70,TRUE,TRUE,TRUE,,x,,,,,Yes,"{""POITYPE"":""Static Mobile Home""}",,"{""name"",""entrance""}","{""POINAME"",""POIFEATTYPE""}",,,,,,,,,,,Yes,,,"{""name""}","{""Common_Name""}"
Weather Shelter,Building,Shelter,,,,,,,"{""tornado shelter""}","{""amenity"":""shelter""}",x,,,,"{name,nps/unitcode}",70,TRUE,TRUE,TRUE,,,,,,,,,,,,,,,,,,,,,,,,,,
Garage,Building,Storage,,maki,warehouse,,,,{garage},"{""building"":""garage""}",x,,,,"{name,nps/unitcode,address,levels,capacity}",70,TRUE,TRUE,TRUE,,x,,,,,Yes,"{""POITYPE"":""Garage""}",,"{""name"",""entrance""}","{""POINAME"",""POIFEATTYPE""}",,,,,,,,,,,Yes,,,"{""name""}","{""Common_Name""}"
Shed,Building,Storage,,maki,building,,,,{shed},"{""building"":""shed""}",x,,,,"{name,nps/unitcode,address,levels}",70,TRUE,TRUE,TRUE,,x,,,,,Yes,"{""POITYPE"":""Shed""}",,"{""name"",""entrance""}","{""POINAME"",""POIFEATTYPE""}",,,,,,,,,,,Yes,,,"{""name""}","{""Common_Name""}"
Warehouse,Building,Storage,,maki,warehouse,,,,"{warehouse,storage}","{""building"":""warehouse""}",x,,,,"{name,nps/unitcode,address,levels}",70,TRUE,TRUE,TRUE,,x,,,,,Yes,"{""POITYPE"":""Warehouse""}",,"{""name"",""entrance""}","{""POINAME"",""POIFEATTYPE""}",,,,,,,,,,,Yes,,,"{""name""}","{""Common_Name""}"
All-terrain Vehicle Trail,Land Recreation,All-terrain vehicle,All-terrain trail,npmap-symbol-library,All-terrain trail,,,,"{""atv trail"",atv,""all terrain vehicle"",quad,4wd,""4 wheeler"",""four-wheeler"",off-road,""off road"",trail,track,structure}","{""highway"":""track"",""atv"":""yes""}",x,,,,"{name,nps/unitcode,operator,tracktype,surface,width,incline,mtb/scale,mtb/scale/uphill,mtb/scale/imba,sac_scale,trail_visibility,nps/trailuse,nps/structure}",30,TRUE,TRUE,TRUE,x,,,highway-track,,,Yes,"{""POITYPE"":""ATV Trail""}",,"{""name"",""entrance""}","{""POINAME"",""POIFEATTYPE""}",,,,,,Yes,"{""TRLFEATTYPE"":""Park Trail"",""TRLSTATUS"":""Existing"",""TRLTYPE"":""Unknown"",""TRLUSE_ATV"":""Yes""}",,"{""name"",""tracktype""}","{""TRLNAME"",""TRLCLASS""}",,,,,
Four-Wheel Drive Trail,Land Recreation,All-terrain vehicle,All-terrain trail,,,,,,"{""four-wheel drive trail"",atv,""all terrain vehicle"",quad,4wd,""4 wheeler"",""four-wheeler"",off-road,""off road"",trail,track}","{""highway"":""track"",""4wd_only"":""yes""}",x,,,,"{name,nps/unitcode,operator,tracktype,surface,width,incline,mtb/scale,mtb/scale/uphill,mtb/scale/imba,sac_scale,trail_visibility,nps/trailuse,nps/structure}",30,TRUE,TRUE,TRUE,x,,,highway-track,,,Yes,"{""POITYPE"":""Four-Wheel Drive Trail""}",,"{""name"",""entrance""}","{""POINAME"",""POIFEATTYPE""}",,,,,,Yes,"{""TRLFEATTYPE"":""Park Trail"",""TRLSTATUS"":""Existing"",""TRLTYPE"":""Unknown"",""TRLUSE_4WD"":""Yes""}",,"{""name"",""surface"",""tracktype""}","{""TRLNAME"",""TRLSURFACE"",""TRLCLASS""}",,,,,
Bicycle Trail,Land Recreation,Bicycle,Bicycle trail,npmap-symbol-library,bicycle-trail-black,,,,"{""bicycle trail"",bicycle,trail,track}","{""highway"":""path"",""bicycle"":""yes""}",x,,,,"{name,nps/unitcode,operator,tracktype,surface,width,incline,mtb/scale,mtb/scale/uphill,mtb/scale/imba,sac_scale,trail_visibility,nps/nonmotorizeduse,nps/structure}",30,TRUE,TRUE,TRUE,x,,,highway-track,,,Yes,"{""POITYPE"":""Bicycle Trail""}",,"{""name"",""entrance""}","{""POINAME"",""POIFEATTYPE""}",,,,,,Yes,"{""TRLFEATTYPE"":""Park Trail"",""TRLSTATUS"":""Existing"",""TRLTYPE"":""Unknown"",""TRLUSE_BICYCLE"":""Yes""}",,"{""name"",""tracktype""}","{""TRLNAME"",""TRLCLASS""}",,,,,
Bike Rack,Land Recreation,Bicycle,,,,,,,"{""bike rack""}","{""amenity"":""bicycle_parking"",""bicycle_parking"":""rack""}",x,,,,"{name,nps/unitcode}",30,TRUE,TRUE,TRUE,,,,,,,,,,,,,,,,,,,,,,,,,,
Backcountry Campsite,Land Recreation,Camping,,npmap-symbol-library,campsite-black,,,,"{campsite,""camp site"",backcountry,primitive}","{""tourism"":""camp_site"",""camp_site"":""pitch"",""backcountry"":""yes""}",x,,,,"{name,nps/unitcode,operator,address,opening_hours,capacity,fee}",60,TRUE,TRUE,TRUE,,x,,,,,Yes,"{""POITYPE"":""Campsite""}",,"{""name"",""entrance""}","{""POINAME"",""POIFEATTYPE""}",,,,,,,,,,,,,,,
Campfire Ring,Land Recreation,Camping,,npmap-symbol-library,campfire-black,,,,"{campfire,firepit,fireplace,fire ring,campfire ring}","{""leisure"":""firepit""}",x,,,,"{name,nps/unitcode}",60,TRUE,TRUE,TRUE,,x,,,,,Yes,"{""POITYPE"":""Campfire""}",,"{""name"",""entrance""}","{""POINAME"",""POIFEATTYPE""}",,,,,,,,,,,,,,,
Campground,Land Recreation,Camping,,npmap-symbol-library,campground-black,,,,{campground},"{""tourism"":""camp_site""}",x,,,,"{name,nps/unitcode,operator,address,opening_hours,capacity,fee}",60,TRUE,TRUE,TRUE,,x,,,,,Yes,"{""POITYPE"":""Campground""}",,"{""name"",""entrance""}","{""POINAME"",""POIFEATTYPE""}",,,,,,,,,,,,,,,
Campsite,Land Recreation,Camping,,npmap-symbol-library,campsite-black,,,,"{campsite,""camp site""}","{""tourism"":""camp_site"",""camp_site"":""pitch""}",x,,,,"{name,nps/unitcode,operator,address,opening_hours,capacity,fee}",60,TRUE,TRUE,TRUE,,x,,,,,Yes,"{""POITYPE"":""Campsite""}",,"{""name"",""entrance""}","{""POINAME"",""POIFEATTYPE""}",,,,,,,,,,,,,,,
Dump Station,Land Recreation,Camping,,npmap-symbol-library,sanitary-disposal-station-black,,,,"{""sanitary disposal station"",dumpstation,""dump station""}","{""amenity"":""sanitary_dump_station""}",x,x,,,"{name,nps/unitcode,operator,address}",60,TRUE,TRUE,TRUE,,,,,,,Yes,"{""POITYPE"":""Sanitary Disposal Station""}",,"{""name"",""entrance""}","{""POINAME"",""POIFEATTYPE""}",,,,,,,,,,,,,,,
RV Campground,Land Recreation,Camping,,npmap-symbol-library,rv-campground-black,,,,"{""rv campground"",campsite,""camp_site"",""motorhome park""}","{""tourism"":""camp_site"",""caravans"":""yes""}",x,,,,"{name,nps/unitcode,operator,address,opening_hours,capacity,fee}",60,TRUE,TRUE,TRUE,,x,,,,,Yes,"{""POITYPE"":""RV Campground""}",,"{""name"",""entrance""}","{""POINAME"",""POIFEATTYPE""}",,,,,,,,,,,,,,,
Canyoneering Route,Land Recreation,Climbing,Climbing,,,,,,"{""canyoneering route""}","{""highway"":""path"",""sport"":""canyoning""}",x,,,,"{name,nps/unitcode}",50,TRUE,TRUE,TRUE,,,,,,,,,,,,,,,,,,,,,,,,,,
Climbing Route,Land Recreation,Climbing,Climbing,,,,,,"{""climbing route""}","{""highway"":""path"",""sport"":""climbing""}",x,,,,"{name,nps/unitcode}",50,TRUE,TRUE,TRUE,,,,,,,,,,,,,,,,,,,,,,,,,,
Food Box / Food Cache,Land Recreation,Food,,,,,,,"{""food cache"",""food box""}","{""storage"":""food""}",x,,,,"{name,nps/unitcode}",60,TRUE,TRUE,TRUE,,,,,,,,,,,,,,,,,,,,,,,,,,
Golf Course,Land Recreation,Golf,Golfing,npmap-symbol-library,golfing-black,,,,"{""golf course""}","{""leisure"":""golf_course""}",x,,,,"{name,nps/unitcode,operator,address,opening_hours}",60,TRUE,TRUE,TRUE,,x,,,,,Yes,"{""POITYPE"":""Golf Course""}",,"{""name"",""entrance""}","{""POINAME"",""POIFEATTYPE""}",,,,,,,,,,,,,,,
Horseback Riding,Land Recreation,Horse,Horseback Riding,npmap-symbol-library,horseback-riding-black,,,,"{""equestrian trail"",equestrian,bridleway,""horse riding"",horse,trail,track,horseback}","{""leisure"":""horse_riding""}",x,x,,,"{name,nps/unitcode,operator,tracktype,surface,width,incline,mtb/scale,mtb/scale/uphill,mtb/scale/imba,sac_scale,trail_visibility,nps/nonmotorizeduse,nps/structure}",60,TRUE,TRUE,TRUE,x,,,highway-track,,,Yes,"{""POITYPE"":""Equestrian Trail""}",,"{""name"",""entrance""}","{""POINAME"",""POIFEATTYPE""}",,,,,,Yes,"{""TRLFEATTYPE"":""Park Trail"",""TRLSTATUS"":""Existing"",""TRLTYPE"":""Unknown"",""TRLUSE_HORSE"":""Yes""}",,"{""name"",""surface"",""tracktype""}","{""TRLNAME"",""TRLSURFACE"",""TRLCLASS""}",,,,,
Motorcycle Trail,Land Recreation,Motorcycle,,npmap-symbol-library,motor-bike-trail-black,,,,"{""motorcycle trail"",motorcycle,trail,track}","{""highway"":""track"",""motorcycle"":""yes""}",x,,,,"{name,nps/unitcode,operator,tracktype,surface,width,incline,mtb/scale,mtb/scale/uphill,mtb/scale/imba,sac_scale,trail_visibility,nps/trailuse,nps/structure}",60,TRUE,TRUE,TRUE,x,,,highway-track,,,Yes,"{""POITYPE"":""Motorcycle Trail""}",,"{""name"",""entrance""}","{""POINAME"",""POIFEATTYPE""}",,,,,,Yes,"{""TRLFEATTYPE"":""Park Trail"",""TRLSTATUS"":""Existing"",""TRLTYPE"":""Unknown"",""TRLUSE_MOTORCYCLE"":""Yes""}",,"{""name"",""surface"",""tracktype""}","{""TRLNAME"",""TRLSURFACE"",""TRLCLASS""}",,,,,
Grill,Land Recreation,Picnic,,,,,,,"{""grill""}","{""barbecue_grill"":""yes""}",x,,,,"{name,nps/unitcode}",60,TRUE,TRUE,TRUE,,,,,,,,,,,,,,,,,,,,,,,,,,
Picnic Area,Land Recreation,Picnic,,npmap-symbol-library,picnic-area-black,,,,"{""picnic area"",""picnic site"",picnic}","{""tourism"":""picnic_site""}",x,,,,"{name,nps/unitcode,operator,address,opening_hours,fee}",60,TRUE,TRUE,TRUE,,x,,,,,Yes,"{""POITYPE"":""Picnic Area""}",,"{""name"",""entrance""}","{""POINAME"",""POIFEATTYPE""}",,,,,,,,,,,,,,,
Picnic Table,Land Recreation,Picnic,,,,,,,"{""picnic table""}","{""leisure"":""picnic_table""}",x,,,,"{name,nps/unitcode}",60,TRUE,TRUE,TRUE,,,,,,,,,,,,,,,,,,,,,,,,,,
Motorized Trail,Land Recreation,Trail,,npmap-symbol-library,trailhead-black,,,,"{track,trail,path}","{""highway"":""track""}",x,,,,"{name,nps/unitcode,operator,tracktype,surface,width,incline,mtb/scale,mtb/scale/uphill,mtb/scale/imba,sac_scale,trail_visibility,nps/trailuse,nps/structure}",60,TRUE,TRUE,TRUE,x,,,highway-track,,,Yes,"{""POITYPE"":""Track""}",,"{""name"",""entrance""}","{""POINAME"",""POIFEATTYPE""}",,,,,,Yes,"{""TRLFEATTYPE"":""Park Trail"",""TRLSTATUS"":""Existing"",""TRLTYPE"":""Unknown""}",,"{""name"",""surface"",""tracktype""}","{""TRLNAME"",""TRLSURFACE"",""TRLCLASS""}",,,,,
Non-Motorized Trail,Land Recreation,Trail,,npmap-symbol-library,trailhead-black,,,,"{trail,path,track,hike,hiking,trackway,walk,footpath}","{""highway"":""path""}",x,,,,"{name,nps/unitcode,operator,tracktype,surface,width,incline,mtb/scale,mtb/scale/uphill,mtb/scale/imba,sac_scale,trail_visibility,nps/nonmotorizeduse,nps/structure}",60,TRUE,TRUE,TRUE,x,,,highway-path,,,Yes,"{""POITYPE"":""Trail""}",,"{""name"",""entrance""}","{""POINAME"",""POIFEATTYPE""}",,,,,,Yes,"{""TRLFEATTYPE"":""Park Trail"",""TRLSTATUS"":""Existing"",""TRLTYPE"":""Unknown"",""TRLUSE_FOOT"":""Yes""}",,"{""name"",""surface"",""tracktype""}","{""TRLNAME"",""TRLSURFACE"",""TRLCLASS""}",,,,,
Self Guiding Trail,Land Recreation,Trail,,npmap-symbol-library,self-guiding-trail-black,,,,"{guidepost,""guide post"",information}","{""tourism"":""information"",""information"":""guidepost""}",x,,,,"{name,nps/unitcode,operator,address,opening_hours}",60,TRUE,TRUE,TRUE,,,,,,,Yes,"{""POITYPE"":""Guidepost""}",,"{""name"",""entrance""}","{""POINAME"",""POIFEATTYPE""}",,,,,,,,,,,,,,,
Steps,Land Recreation,Trail,,,,,,,"{""stairs"",""staircase"",""steps""}","{""highway"":""steps""}",x,,,,"{""surface"",""lit"",""width"",""incline_steps"",""access""}",60,TRUE,TRUE,TRUE,,,,,,,,,,,,,,,,,,,,,,,,,,
Trail Register,Land Recreation,Trail,,npmap-symbol-library,trailhead-black,,,,"{register,""trail head"",trail,track}","{""tourism"":""register""}",x,x,,,"{name,nps/unitcode}",60,TRUE,TRUE,TRUE,,,,,,,,,,,,,,,,,,,,,,,,,,
Trailhead,Land Recreation,Trail,,npmap-symbol-library,trailhead-black,,,,"{trailhead,""trail head"",trail,track}","{""highway"":""trailhead""}",x,x,,,"{name,nps/unitcode,operator,tracktype,surface,width,incline,mtb/scale,mtb/scale/uphill,mtb/scale/imba,sac_scale,trail_visibility,nps/trailuse}",60,TRUE,TRUE,TRUE,,,,,,,Yes,"{""POITYPE"":""Trailhead""}",,"{""name"",""entrance""}","{""POINAME"",""POIFEATTYPE""}",,,,,,,,,,,,,,,
Park,Locality,Boundary,,maki,park,,,,"{park,""green area"",""national park"",""state park"",""city park"",""recreation area"",woodland,parkland}","{""leisure"":""park""}",x,,,,"{name,nps/unitcode,operator}",10,TRUE,TRUE,TRUE,,x,,,,,Yes,"{""POITYPE"":""Park""}",,"{""name"",""entrance""}","{""POINAME"",""POIFEATTYPE""}",,,,,,,,,,,,,,,
Park District,Locality,Region,,maki,marker,,,,"{locale,locality,location,place,neighborhood,district}","{""place"":""locality""}",x,,,,"{name,nps/unitcode,population}",10,TRUE,TRUE,TRUE,,x,,,,,Yes,"{""POITYPE"":""Locale""}",,"{""name"",""entrance""}","{""POINAME"",""POIFEATTYPE""}",,,,,,,,,,,,,,,
Sculpture,Miscellaneous,Art,,,,,,,"{""sculpture""}","{""tourism"":""artwork"",""artwork_type"":""statue""}",x,,,,"{name,nps/unitcode}",10,TRUE,TRUE,TRUE,,,,,,,,,,,,,,,,,,,,,,,,,,
Battlefield,Miscellaneous,Battlefield,Battle,,,,,,"{""battlefield""}","{""historic"":""battlefield""}",x,,,,"{name,nps/unitcode}",10,TRUE,TRUE,TRUE,,,,,,,,,,,,,,,,,,,,,,,,,,
Bench,Miscellaneous,Bench,,,,,,,"{bench,seat}","{""amenity"":""bench""}",x,,,,"{name,nps/unitcode,operator,backrest,direction,seats,material}",10,TRUE,TRUE,TRUE,x,,,,,,Yes,"{""POITYPE"":""Bench""}",,"{""name"",""entrance""}","{""POINAME"",""POIFEATTYPE""}",,,,,,,,,,,,,,,
Canal,Miscellaneous,Canal,,maki,water,,,,"{canal,ditch,lateal}","{""waterway"":""canal""}",x,,,,"{name,nps/unitcode}",10,TRUE,TRUE,TRUE,x,,,waterway-canal,,,Yes,"{""POITYPE"":""Canal""}",,"{""name"",""entrance""}","{""POINAME"",""POIFEATTYPE""}",,,,,,,,,,,,,,,
Cannon,Miscellaneous,Cannon,,,,,,,"{""cannon""}","{""historic"":""cannon""}",x,,,,"{name,nps/unitcode}",10,TRUE,TRUE,TRUE,,,,,,,,,,,,,,,,,,,,,,,,,,
Cemetery,Miscellaneous,Cemetery,Cemetery,maki,cemetary,,,,"{cemetery,graveyard}","{""landuse"":""cemetery""}",x,,,,"{name,nps/unitcode}",10,TRUE,TRUE,TRUE,,x,,,,,Yes,"{""POITYPE"":""Cemetery""}",,"{""name"",""entrance""}","{""POINAME"",""POIFEATTYPE""}",,,,,,,,,,,,,,,
Grave,Miscellaneous,Cemetery,Cemetery,maki,cemetery,,,,"{grave,tomb}","{""cemetery"":""grave""}",x,,,,"{memo,nps/unitcoderial,subject/name,subject/species,subject/birth,subject/death,religion}",10,TRUE,TRUE,TRUE,,x,,,,,Yes,"{""POITYPE"":""Grave""}",,"{""name"",""entrance""}","{""POINAME"",""POIFEATTYPE""}",,,,,,,,,,,,,,,
Dam,Miscellaneous,Dam,Dam,maki,dam,,,,"{dam,breakwater,dike,jetty}","{""waterway"":""dam""}",x,,,,"{name,nps/unitcode}",10,TRUE,TRUE,TRUE,x,x,,,,,Yes,"{""POITYPE"":""Dam""}",,"{""name"",""entrance""}","{""POINAME"",""POIFEATTYPE""}",,,,,,,,,,,,,,,
Entrance/Exit,Miscellaneous,Entrance,,maki,entrance,,,,{entrance},"{""building"":""entrance""}",,x,,,"{name,nps/unitcode}",10,TRUE,TRUE,TRUE,,,,,,,Yes,,,,,,,,,,,,,,,,,,,
Fence,Miscellaneous,Fence,,,,,,,{gate},"{""barrier"":""fence""}",x,x,,,"{name,nps/unitcode}",10,TRUE,TRUE,TRUE,,,,,,,,,,,,,,,,,,,,,,,,,,
Flag Pole,Miscellaneous,Flagpole,,,,,,,{flagpole},"{""man_made"":""flagpole""}",x,,,,"{name,nps/unitcode}",10,TRUE,TRUE,TRUE,,,,,,,,,,,,,,,,,,,,,,,,,,
Fortification,Miscellaneous,Fort,Fort,,,,,,"{fortification,fort,earthworks,""hill fort"",trench}","{""historic"":""archaeological_site"",""site_type"":""fortification""}",x,,,,"{name,nps/unitcode,site_type}",10,TRUE,TRUE,TRUE,,x,,,,,Yes,"{""POITYPE"":""Fortification""}",,"{""name"",""entrance""}","{""POINAME"",""POIFEATTYPE""}",,,,,,,,,,,,,,,
Garden,Miscellaneous,Garden,,,,,,,"{""garden""}","{""leisure"":""garden""}",x,,,,"{name,nps/unitcode}",10,TRUE,TRUE,TRUE,,,,,,,,,,,,,,,,,,,,,,,,,,
Gate,Miscellaneous,Gate,,,,,,,{gate},"{""barrier"":""gate""}",x,x,,,"{name,nps/unitcode}",10,TRUE,TRUE,TRUE,,,,,,,,,,,,,,,,,,,,,,,,,,
Dyke (Levee),Miscellaneous,Levee,,,,,,,"{dyke,levee}","{""man_made"":""dyke""}",x,,,,"{name,nps/unitcode,operator}",10,TRUE,TRUE,TRUE,x,x,,,,,Yes,"{""POITYPE"":""Dyke (Levee)""}",,"{""name"",""entrance""}","{""POINAME"",""POIFEATTYPE""}",,,,,,,,,,,,,,,
Lock,Miscellaneous,Lock,Lock,,,,,,"{""lock""}","{""lock"":""yes""}",x,,,,"{name,nps/unitcode}",10,TRUE,TRUE,TRUE,,,,,,,,,,,,,,,,,,,,,,,,,,
Tower,Miscellaneous,Manmade,Lookout tower,,,,,,"{tower,castle,overlook}","{""man_made"":""tower""}",x,,,,"{name,nps/unitcode,operator,tower/type}",10,TRUE,TRUE,TRUE,,x,,,,,Yes,"{""POITYPE"":""Tower""}",,"{""name"",""entrance""}","{""POINAME"",""POIFEATTYPE""}",,,,,,,,,,,,,,,
Military Area,Miscellaneous,Military Area,,,,,,,"{""military area""}","{""landuse"":""military""}",x,,,,"{name,nps/unitcode}",10,TRUE,TRUE,TRUE,,x,,,,,Yes,"{""POITYPE"":""Military Area""}",,"{""name"",""entrance""}","{""POINAME"",""POIFEATTYPE""}",,,,,,,,,,,,,,,
Historic Mine,Miscellaneous,Mine,Ruin,,,,,,"{""historic mine""}","{""historic"":""mine""}",x,,,,"{name,nps/unitcode,description,mineral}",10,TRUE,TRUE,TRUE,,,,,,,Yes,"{""POITYPE"":""Historic Mine""}",,"{""name"",""entrance""}","{""POINAME"",""POIFEATTYPE""}",,,,,,,,,,,,,,,
Quarry (Mine),Miscellaneous,Mine,,,,,,,"{quarry,mine}","{""landuse"":""quarry""}",x,,,,"{name,nps/unitcode,operator,resource}",10,TRUE,TRUE,TRUE,,x,,,,,Yes,"{""POITYPE"":""Quarry (Mine)""}",,"{""name"",""entrance""}","{""POINAME"",""POIFEATTYPE""}",,,,,,,,,,,,,,,
Shaft (Mine),Miscellaneous,Mine,,,,,,,"{shaft,mine,mineshaft,adit}","{""man_made"":""mineshaft""}",x,,,,"{name,nps/unitcode,operator,resource}",10,TRUE,TRUE,TRUE,,x,,,,,Yes,"{""POITYPE"":""Shaft (Mine)""}",,"{""name"",""entrance""}","{""POINAME"",""POIFEATTYPE""}",,,,,,,,,,,,,,,
Monument,Miscellaneous,Monument,,maki,monument,,,,"{monument,""historic monument""}","{""historic"":""monument""}",x,,,,"{name,nps/unitcode}",10,TRUE,TRUE,TRUE,,x,,,,,Yes,"{""POITYPE"":""Monument""}",,"{""name"",""entrance""}","{""POINAME"",""POIFEATTYPE""}",,,,,,,,,,,,,,,
Museum,Miscellaneous,Museum,,,,,,,{museum},"{""tourism"":""museum""}",x,,,,"{name,nps/unitcode}",10,TRUE,TRUE,TRUE,,,,,,,,,,,,,,,,,,,,,,,,,,
Oilfield,Miscellaneous,Oil well,,maki,oil-well,,,,{oilfield},"{""man_made"":""oilfield""}",x,,,,"{name,nps/unitcode,operator,resource}",10,TRUE,TRUE,TRUE,,x,,,,,Yes,"{""POITYPE"":""Oilfield""}",,"{""name"",""entrance""}","{""POINAME"",""POIFEATTYPE""}",,,,,,,,,,,,,,,
Point of Interest,Miscellaneous,Point of interest,Point of interest,,,,,,"{""point of interest"",poi}","{""tourism"":""yes""}",x,x,,,"{name,nps/unitcode,operator,address,opening_hours}",10,TRUE,TRUE,TRUE,x,x,,,,,Yes,"{""POITYPE"":""Point of Interest""}",,"{""name"",""entrance""}","{""POINAME"",""POIFEATTYPE""}",,,,,,,,,,,,,,,
Reserve,Miscellaneous,Reserve,,maki,park,,,,"{reserve,""nature reserve"",""wildlife reserve"",wildlife,""protected area"",protected}","{""leisure"":""nature_reserve""}",x,,,,"{name,nps/unitcode,operator}",10,TRUE,TRUE,TRUE,,x,,,,,Yes,"{""POITYPE"":""Reserve""}",,"{""name"",""entrance""}","{""POINAME"",""POIFEATTYPE""}",,,,,,,,,,,,,,,
Reservoir,Miscellaneous,Reservoir,,maki,water,,,,"{reservoir,lake,tank}","{""natural"":""water"",""water"":""reservoir"",""landuse"":""reservoir""}",x,,,,"{name,nps/unitcode}",10,TRUE,TRUE,TRUE,,x,,,,,Yes,"{""POITYPE"":""Reservoir""}",,"{""name"",""entrance""}","{""POINAME"",""POIFEATTYPE""}",,,,,,,,,,,,,,,
Historic Ruins,Miscellaneous,Ruin,Ruin,,,,,,"{""historic ruins"",ruins}","{""historic"":""ruins""}",x,,,,"{name,nps/unitcode}",10,TRUE,TRUE,TRUE,x,x,,,,,Yes,"{""POITYPE"":""Historic Ruins""}",,"{""name"",""entrance""}","{""POINAME"",""POIFEATTYPE""}",,,,,,,,,,,,,,,
Historic Site,Miscellaneous,Site,Ruin,,,,,,"{""historic site"",historic,site}","{""historic"":""*""}",x,,,,"{name,nps/unitcode,site_type}",10,TRUE,TRUE,TRUE,x,x,,,,,Yes,"{""POITYPE"":""Historic Site""}",,"{""name"",""entrance""}","{""POINAME"",""POIFEATTYPE""}",,,,,,,,,,,,,,,
Viewpoint,Miscellaneous,View,Viewing area,,,,,,"{viewpoint,""scenic viewpoint"",scenic,scenery}","{""tourism"":""viewpoint""}",x,,,,"{name,nps/unitcode,operator,address,opening_hours}",10,TRUE,TRUE,TRUE,,x,,,,,Yes,"{""POITYPE"":""Viewpoint""}",,"{""name"",""entrance""}","{""POINAME"",""POIFEATTYPE""}",,,,,,,,,,,,,,,
Historic Ship,Miscellaneous,Ship,,,,A tag for a decommissioned ship/submarine which has become a tourist attraction and generally remains in one place. This applies to both military and non-military ships.,,,"{""ship"",""historic""}","{""historic"":""ship""}",x,,,,"{name,nps/unitcode}",10,TRUE,TRUE,TRUE,,,,,,,,,,,,,,,,,,,,,,,,,,
Wreck,Miscellaneous,Wreck,Partially submerged wreck,,,,,,"{""wreck"",""shipwreck""}","{""historic"":""wreck""}",x,,,,"{name,nps/unitcode}",10,TRUE,TRUE,TRUE,,,,,,,,,,,,,,,,,,,,,,,,,,
Arch,Natural Feature,Arch,,,,,,,"{arch,bridge,""natural bridge"",""sea arch""}","{""natural"":""arch""}",x,,,,"{name,nps/unitcode}",10,TRUE,TRUE,TRUE,x,x,,,,,Yes,"{""POITYPE"":""Arch""}",,"{""name"",""entrance""}","{""POINAME"",""POIFEATTYPE""}",,,,,,,,,,,,,,,
Arroyo,Natural Feature,Arroyo,,maki,water,,,,"{arroyo,coulee,draw,gully,wash}","{""waterway"":""drain"",""intermittent"":""yes""}",x,,,,"{name,nps/unitcode}",10,TRUE,TRUE,TRUE,x,,,,,,Yes,"{""POITYPE"":""Arroyo""}",,"{""name"",""entrance""}","{""POINAME"",""POIFEATTYPE""}",,,,,,,,,,,,,,,
Basin,Natural Feature,Basin,,,,,,,{basin},"{""landuse"":""basin""}",x,,,,"{name,nps/unitcode}",10,TRUE,TRUE,TRUE,,x,,,,,Yes,"{""POITYPE"":""Basin""}",,"{""name"",""entrance""}","{""POINAME"",""POIFEATTYPE""}",,,,,,,,,,,,,,,
Bay,Natural Feature,Bay,,,,,,,"{bay,arm,bight,cove,estuary,gulf,inlet,sound}","{""natural"":""bay""}",x,,,,"{name,nps/unitcode}",10,TRUE,TRUE,TRUE,,x,,,,,Yes,"{""POITYPE"":""Bay""}",,"{""name"",""entrance""}","{""POINAME"",""POIFEATTYPE""}",,,,,,,,,,,,,,,
Beach,Natural Feature,Beach,,,,,,,"{beach,coast,shore,strand}","{""natural"":""beach""}",x,,,,"{name,nps/unitcode,surface}",10,TRUE,TRUE,TRUE,,x,,,,,Yes,"{""POITYPE"":""Beach""}",,"{""name"",""entrance""}","{""POINAME"",""POIFEATTYPE""}",,,,,,,,,,,,,,,
Cape,Natural Feature,Cape,,,,,,,"{cape,lea,neck,peninsula,point}","{""natural"":""cape""}",x,,,,"{name,nps/unitcode}",10,TRUE,TRUE,TRUE,,,,,,,Yes,"{""POITYPE"":""Cape""}",,"{""name"",""entrance""}","{""POINAME"",""POIFEATTYPE""}",,,,,,,,,,,,,,,
Cave Entrance,Natural Feature,Cave,Spelunking/Caves,,,,,,"{cave,cavern,grotto}","{""natural"":""cave_entrance""}",x,,,,"{name,nps/unitcode}",10,TRUE,TRUE,TRUE,,x,,,,,Yes,"{""POITYPE"":""Cave Entrance""}",,"{""name"",""entrance""}","{""POINAME"",""POIFEATTYPE""}",,,,,,,,,,,,,,,
Cliff,Natural Feature,Cliff,,,,,,,"{cliff,bluff,crag,head,headland,nose,palisades,precipice,promontory,rim,rimrock}","{""natural"":""cliff""}",x,,,,"{name,nps/unitcode,height}",10,TRUE,TRUE,TRUE,x,x,,,,,Yes,"{""POITYPE"":""Cliff""}",,"{""name"",""entrance""}","{""POINAME"",""POIFEATTYPE""}",,,,,,,,,,,,,,,
Dune,Natural Feature,Dune,,,,,,,"{dune,""sand dune""}","{""natural"":""dune""}",x,,,,"{name,nps/unitcode}",10,TRUE,TRUE,TRUE,,x,,,,,Yes,"{""POITYPE"":""Dune""}",,"{""name"",""entrance""}","{""POINAME"",""POIFEATTYPE""}",,,,,,,,,,,,,,,
Forest,Natural Feature,Forest,,maki,park,,,,"{forest,wood,park,jungle}","{""landuse"":""forest""}",x,,,,"{name,nps/unitcode,leaf_type,leaf_cycle,crop}",10,TRUE,TRUE,TRUE,,x,,,,,Yes,"{""POITYPE"":""Forest""}",,"{""name"",""entrance""}","{""POINAME"",""POIFEATTYPE""}",,,,,,,,,,,,,,,
Woods,Natural Feature,Forest,,maki,park2,,,,"{wood,forest,park,jungle}","{""natural"":""wood""}",x,,,,"{name,nps/unitcode,leaf_type,leaf_cycle,crop}",10,TRUE,TRUE,TRUE,,x,,,,,Yes,"{""POITYPE"":""Woods""}",,"{""name"",""entrance""}","{""POINAME"",""POIFEATTYPE""}",,,,,,,,,,,,,,,
Geyser,Natural Feature,Geyser,,,,,,,"{geyser,gusher,spout,""hot spring"",""thermal spring""}","{""natural"":""geyser""}",x,,,,"{name,nps/unitcode}",10,TRUE,TRUE,TRUE,,x,,,,,Yes,"{""POITYPE"":""Geyser""}",,"{""name"",""entrance""}","{""POINAME"",""POIFEATTYPE""}",,,,,,,,,,,,,,,
Glacier,Natural Feature,Glacier,,,,,,,"{glacier,icefield,""ice patch"",""snow patch""}","{""natural"":""glacier""}",x,,,,"{name,nps/unitcode,surface,direction}",10,TRUE,TRUE,TRUE,x,x,,,,,Yes,"{""POITYPE"":""Glacier""}",,"{""name"",""entrance""}","{""POINAME"",""POIFEATTYPE""}",,,,,,,,,,,,,,,
Grassland (Plain),Natural Feature,Grassland,,,,,,,"{grassland,plain,highland,kula,upland}","{""natural"":""grassland""}",x,,,,"{name,nps/unitcode}",10,TRUE,TRUE,TRUE,,x,,,,,Yes,"{""POITYPE"":""Grassland (Plain)""}",,"{""name"",""entrance""}","{""POINAME"",""POIFEATTYPE""}",,,,,,,,,,,,,,,
Harbor,Natural Feature,Harbor,,maki,harbor,,,,"{harbour,harbor,marina}","{""harbour"":""*""}",x,,,,"{name,nps/unitcode,operator,address}",10,TRUE,TRUE,TRUE,,x,,,,,Yes,"{""POITYPE"":""Harbor""}",,"{""name"",""entrance""}","{""POINAME"",""POIFEATTYPE""}",,,,,,,,,,,,,,,
Island,Natural Feature,Island,,,,,,,"{island,archipelago,atoll,cay,hammock,hummock,isla,isle,islet,key,moku,rock}","{""place"":""island""}",x,,,,"{name,nps/unitcode}",10,TRUE,TRUE,TRUE,,x,,,,,Yes,"{""POITYPE"":""Island""}",,"{""name"",""entrance""}","{""POINAME"",""POIFEATTYPE""}",,,,,,,,,,,,,,,
Isthmus,Natural Feature,Isthmus,,,,,,,{isthmus},"{""natural"":""isthmus""}",x,,,,"{name,nps/unitcode}",10,TRUE,TRUE,TRUE,,x,,,,,Yes,"{""POITYPE"":""Isthmus""}",,"{""name"",""entrance""}","{""POINAME"",""POIFEATTYPE""}",,,,,,,,,,,,,,,
Lake,Natural Feature,Lake,,maki,water,,,,"{lake,backwater,lac,lagoon,laguna,pond,pool,resaca,waterhole,lakelet,loch,mere}","{""natural"":""water"",""water"":""lake""}",x,,,,"{name,nps/unitcode}",10,TRUE,TRUE,TRUE,,x,,,,,Yes,"{""POITYPE"":""Lake""}",,"{""name"",""entrance""}","{""POINAME"",""POIFEATTYPE""}",,,,,,,,,,,,,,,
Lava,Natural Feature,Lava,,,,,,,"{lava,kepula,""lava flow""}","{""natural"":""lava""}",x,,,,"{name,nps/unitcode}",10,TRUE,TRUE,TRUE,,x,,,,,Yes,"{""POITYPE"":""Lava""}",,"{""name"",""entrance""}","{""POINAME"",""POIFEATTYPE""}",,,,,,,,,,,,,,,
Mountain Pass (Saddle / Gap),Natural Feature,Pass,Mountain Pass,,,,,,"{saddle,gap,col,notch,pass,""water gap"",""wind gap""}","{""natural"":""saddle""}",x,,,,"{name,nps/unitcode,ele,direction}",10,TRUE,TRUE,TRUE,,,,,,,Yes,"{""POITYPE"":""Saddle (Gap)""}",,"{""name"",""entrance""}","{""POINAME"",""POIFEATTYPE""}",,,,,,,,,,,,,,,
Peak,Natural Feature,Peak,,maki,triangle,,,,"{peak,summit,ahu,berg,bald,butte,cerro,colina,cone,cumbre,dome,head,hill,horn,knob,knoll,mauna,mesa,mesita,mound,mount,mountain,puu,rock,sugarload,table,acme,aiguille,alp,climax,crest,crown,pinnacle,tip,top}","{""natural"":""peak""}",x,,,,"{name,nps/unitcode,ele}",10,TRUE,TRUE,TRUE,,,,,,,Yes,"{""POITYPE"":""Peak""}",,"{""name"",""entrance""}","{""POINAME"",""POIFEATTYPE""}",,,,,,,,,,,,,,,
Plateau,Natural Feature,Plateau,,,,,,,{plateau},"{""natural"":""landform"",""landform"":""plateau""}",x,,,,"{name,nps/unitcode}",10,TRUE,TRUE,TRUE,,x,,,,,Yes,"{""POITYPE"":""Plateau""}",,"{""name"",""entrance""}","{""POINAME"",""POIFEATTYPE""}",,,,,,,,,,,,,,,
Prairie,Natural Feature,Prairie,,,,,,,"{prarie,grassland}","{""natural"":""grassland"",""grassland"":""prarie""}",x,,,,"{name,nps/unitcode}",10,TRUE,TRUE,TRUE,,x,,,,,Yes,"{""POITYPE"":""Prarie""}",,"{""name"",""entrance""}","{""POINAME"",""POIFEATTYPE""}",,,,,,,,,,,,,,,
Rapids,Natural Feature,Rapids,,maki,water,,,,"{rapids,riffle,ripple}","{""waterway"":""rapids""}",x,x,,,"{name,nps/unitcode,whitewater,width,rapid_grade}",10,TRUE,TRUE,TRUE,x,x,,,,,Yes,"{""POITYPE"":""Rapids""}",,"{""name"",""entrance""}","{""POINAME"",""POIFEATTYPE""}",,,,,,,,,,,,,,,
Reef (Bar),Natural Feature,Reef (Bar),,,,,,,"{reef,bar,ledge,sandbar,shoal,spit}","{""natural"":""reef""}",x,,,,"{name,nps/unitcode}",10,TRUE,TRUE,TRUE,,x,,,,,Yes,"{""POITYPE"":""Reef (Bar)""}",,"{""name"",""entrance""}","{""POINAME"",""POIFEATTYPE""}",,,,,,,,,,,,,,,
Ridge,Natural Feature,Ridge,,,,,,,"{ridge,crest,cuesta,escarpment,hogback,lae,rim,spur}","{""natural"":""ridge""}",x,,,,"{name,nps/unitcode}",10,TRUE,TRUE,TRUE,x,,,,,,Yes,"{""POITYPE"":""Ridge""}",,"{""name"",""entrance""}","{""POINAME"",""POIFEATTYPE""}",,,,,,,,,,,,,,,
Sea,Natural Feature,Sea,,maki,water,,,,"{sea,gulf,ocean}","{""place"":""sea""}",x,,,,"{name,nps/unitcode}",10,TRUE,TRUE,TRUE,,,,,,,Yes,"{""POITYPE"":""Sea""}",,"{""name"",""entrance""}","{""POINAME"",""POIFEATTYPE""}",,,,,,,,,,,,,,,
Shoal (Bar),Natural Feature,Shoal,,,,,,,"{shoal,bar,ledge,reef,sandbar,spit}","{""natural"":""shoal""}",x,,,,"{name,nps/unitcode,tidal}",10,TRUE,TRUE,TRUE,x,x,,,,,Yes,"{""POITYPE"":""Shoal (Bar)""}",,"{""name"",""entrance""}","{""POINAME"",""POIFEATTYPE""}",,,,,,,,,,,,,,,
Spring,Natural Feature,Spring,,,,,,,"{spring,seep}","{""natural"":""spring""}",x,,,,"{name,nps/unitcode,drinking_water}",10,TRUE,TRUE,TRUE,,,,,,,Yes,"{""POITYPE"":""Spring""}",,"{""name"",""entrance""}","{""POINAME"",""POIFEATTYPE""}",,,,,,,,,,,,,,,
Strait (Channel),Natural Feature,Strait,,,,,,,"{strait,channel,passage,reach,thoroughfare,throughfare}","{""natural"":""strait""}",x,,,,"{name,nps/unitcode}",10,TRUE,TRUE,TRUE,,x,,,,,Yes,"{""POITYPE"":""Strait (Channel)""}",,"{""name"",""entrance""}","{""POINAME"",""POIFEATTYPE""}",,,,,,,,,,,,,,,
Stream,Natural Feature,Stream,,maki,water,,,,"{beck,branch,brook,burn,course,creek,current,drift,flood,flow,freshet,race,rill,rindle,rivulet,run,runnel,rush,spate,spritz,surge,tide,torrent,tributary,watercourse}","{""waterway"":""stream""}",x,,,,"{name,nps/unitcode}",10,TRUE,TRUE,TRUE,x,,,waterway-stream,,,Yes,"{""POITYPE"":""Stream""}",,"{""name"",""entrance""}","{""POINAME"",""POIFEATTYPE""}",,,,,,,,,,,,,,,
Swamp,Natural Feature,Swamp,,maki,water,,,,"{swamp,wetland,bog,cienega,marais,marsh,pocosin}","{""natural"":""wetland"",""wetland"":""swamp""}",x,,,,"{name,nps/unitcode}",10,TRUE,TRUE,TRUE,,x,,,,,Yes,"{""POITYPE"":""Swamp""}",,"{""name"",""entrance""}","{""POINAME"",""POIFEATTYPE""}",,,,,,,,,,,,,,,
Tree,Natural Feature,Tree,,,,,,,"{""tree""}","{""natural"":""tree""}",x,,,,"{name,nps/unitcode}",10,TRUE,TRUE,TRUE,,,,,,,,,,,,,,,,,,,,,,,,,,
Valley,Natural Feature,Valley,,,,,,,"{valley,barranca,canyon,chasm,cove,draw,glen,gorge,gulch,gulf,hollow,ravine}","{""natural"":""valley""}",x,,,,"{name,nps/unitcode}",10,TRUE,TRUE,TRUE,x,,,,,,Yes,"{""POITYPE"":""Valley""}",,"{""name"",""entrance""}","{""POINAME"",""POIFEATTYPE""}",,,,,,,,,,,,,,,
Volcano (Crater),Natural Feature,Volcano,,maki,triangle,,,,"{volcano,crater,caldera}","{""natural"":""volcano""}",x,,,,"{name,nps/unitcode,status,ele,type}",10,TRUE,TRUE,TRUE,,,,,,,Yes,"{""POITYPE"":""Volcano (Crater)""}",,"{""name"",""entrance""}","{""POINAME"",""POIFEATTYPE""}",,,,,,,,,,,,,,,
Waterfall,Natural Feature,Waterfall,Waterfalls,maki,water,,,,"{waterfall,falls,cascade,cataract}","{""waterway"":""waterfall""}",,,x,,"{name,nps/unitcode}",15,TRUE,TRUE,TRUE,,,,,,,Yes,"{""POITYPE"":""Waterfall""}",,"{""name"",""entrance""}","{""POINAME"",""POIFEATTYPE""}",,,,,,,,,,,,,,,
Wetland,Natural Feature,Wetland,,maki,wetland,,,,{wetland},"{""natural"":""wetland""}",x,,,,"{name,nps/unitcode}",10,TRUE,TRUE,TRUE,,x,,,,,Yes,"{""POITYPE"":""Wetland""}",,"{""name"",""entrance""}","{""POINAME"",""POIFEATTYPE""}",,,,,,,,,,,,,,,
Parking Lot,Parking,Parking,,npmap-symbol-library,parking-black,,,,"{parking,""car parking"",""vehicle parking"",""parking lot"",""car park""}","{""amenity"":""parking""}",,,,x,"{name,nps/unitcode,operator,address,capacity,maxstay,fee,nps/trailuse}",10,TRUE,TRUE,TRUE,,x,,,,,Yes,"{""POITYPE"":""Parking""}",,"{""name"",""entrance""}","{""POINAME"",""POIFEATTYPE""}",,,,,,,,,,,,,,,
Highway,Road,Highway,,maki,highway-motorway,,,,"{""highway""}","{""highway"":""motorway""}",,,x,,"{name,nps/unitcode}",100,TRUE,TRUE,TRUE,,,,,,,,,,,,,,,,,,,,,,,,,,
Highway Link,Road,Highway,,maki,highway-motorway-link,,,,"{""highway""}","{""highway"":""motorway_link""}",,,x,,"{name,nps/unitcode}",100,TRUE,TRUE,TRUE,,,,,,,,,,,,,,,,,,,,,,,,,,
Minor Road,Road,Minor,,maki,highway-unclassified,,,,"{""unclassified road"",unclassified,road}","{""highway"":""unclassified""}",,,x,,"{name,nps/unitcode,operator,surface,width,maxspeed,oneway,lanes,nps/trailuse,nps/structure}",30,TRUE,TRUE,TRUE,x,,,highway-unclassified,,,,,,,,Yes,"{""RDSTATUS"":""Existing"",""RDMAINTAINER"":""NPS"",""RDCLASS"":""Local""}",,"{""name"",""surface"",""oneway"",""lanes""}","{""RDNAME"",""RDSURFACE"",""RDONEWAY"",""RDLANES""}",,,,,,,,,,
Pedestrian Street,Trail,Non-Motorized,,maki,highway-footway,,,,"{""pedestrian road"",""pedestrian street""}","{""highway"":""pedestrian""}",,,x,,"{name,nps/unitcode,""surface"",""lit"",""width"",""oneway"",""structure"",""access""}",30,TRUE,TRUE,TRUE,,,,,,,,,,,,,,,,,,,,,,,,,,
Private Road,Road,Minor,,maki,highway-road,,,,"{""private road"",private,road}","{""highway"":""road"",""access"":""private""}",,,x,,"{name,nps/unitcode,operator,surface,width,maxspeed,oneway,lanes,nps/trailuse,nps/structure}",30,TRUE,TRUE,TRUE,x,,,highway-road,,,,,,,,Yes,"{""RDSTATUS"":""Existing"",""RDMAINTAINER"":""NPS"",""RDCLASS"":""Private""}",,"{""name"",""surface"",""oneway"",""lanes""}","{""RDNAME"",""RDSURFACE"",""RDONEWAY"",""RDLANES""}",,,,,,,,,,
Residential Road,Road,Minor,,maki,highway-residential,,,,"{""residential road"",residential,road}","{""highway"":""residential""}",,,x,,"{name,nps/unitcode,operator,surface,width,maxspeed,oneway,lanes,nps/trailuse,nps/structure}",30,TRUE,TRUE,TRUE,x,,,highway-residential,,,,,,,,Yes,"{""RDSTATUS"":""Existing"",""RDMAINTAINER"":""NPS"",""RDCLASS"":""Local""}",Yes,"{""name"",""surface"",""oneway"",""lanes""}","{""RDNAME"",""RDSURFACE"",""RDONEWAY"",""RDLANES""}",,,,,,,,,,
Road,Road,Minor,,maki,highway-road,,,,"{""minor road""}","{""highway"":""*""}",,,x,,"{name,nps/unitcode}",30,TRUE,TRUE,TRUE,,,,,,,,,,,,,,,,,,,,,,,,,,
Unknown Road,Road,Minor,,maki,highway-unclassified,,,,"{""unknown road"",road}","{""highway"":""road""}",,,x,,"{name,nps/unitcode,operator,surface,width,maxspeed,oneway,lanes,nps/trailuse,nps/structure}",30,TRUE,TRUE,TRUE,x,,,highway-road,,,,,,,,Yes,"{""RDSTATUS"":""Existing"",""RDMAINTAINER"":""NPS"",""RDCLASS"":""Unknown""}",,"{""name"",""surface"",""oneway"",""lanes""}","{""RDNAME"",""RDSURFACE"",""RDONEWAY"",""RDLANES""}",,,,,,,,,,
Primary Link,Road,Primary,,maki,highway-primary-link,,,,"{ramp,""on ramp"",""off ramp""}","{""highway"":""primary_link""}",,,x,,"{name,nps/unitcode,operator,surface,width,maxspeed,oneway,nps/trailuse,nps/structure}",53,TRUE,TRUE,TRUE,x,,,highway-primary-link,,,,,,,,Yes,"{""RDSTATUS"":""Existing"",""RDMAINTAINER"":""NPS"",""RDCLASS"":""Primary""}",,"{""name"",""surface"",""oneway"",""lanes""}","{""RDNAME"",""RDSURFACE"",""RDONEWAY"",""RDLANES""}",,,,,,,,,,
Primary Road,Road,Primary,,maki,highway-primary,,,,"{""primary road"",primary,road,highway,interstate,""interstate highway""}","{""highway"":""primary""}",,,x,,"{name,nps/unitcode,operator,surface,width,maxspeed,oneway,lanes,nps/trailuse,nps/structure}",55,TRUE,TRUE,TRUE,x,,,highway-primary,,,,,,,,Yes,"{""RDSTATUS"":""Existing"",""RDMAINTAINER"":""NPS"",""RDCLASS"":""Primary""}",Yes,"{""name"",""surface"",""oneway"",""lanes""}","{""RDNAME"",""RDSURFACE"",""RDONEWAY"",""RDLANES""}",,,,,,,,,,
Secondary Link,Road,Secondary,,maki,highway-secondary-link,,,,"{ramp,""on ramp"",""off ramp""}","{""highway"":""secondary_link""}",,,x,,"{name,nps/unitcode,operator,surface,width,maxspeed,oneway,nps/trailuse,nps/structure}",45,TRUE,TRUE,TRUE,x,,,highway-secondary-link,,,,,,,,Yes,"{""RDSTATUS"":""Existing"",""RDMAINTAINER"":""NPS"",""RDCLASS"":""Secondary""}",,"{""name"",""surface"",""oneway"",""lanes""}","{""RDNAME"",""RDSURFACE"",""RDONEWAY"",""RDLANES""}",,,,,,,,,,
Secondary Road,Road,Secondary,,maki,highway-secondary,,,,"{""secondary road"",secondary,road,""us highway"",""state highway"",""county highway""}","{""highway"":""secondary""}",,,x,,"{name,nps/unitcode,operator,surface,width,maxspeed,oneway,lanes,nps/trailuse,nps/structure}",45,TRUE,TRUE,TRUE,x,,,highway-secondary,,,,,,,,Yes,"{""RDSTATUS"":""Existing"",""RDMAINTAINER"":""NPS"",""RDCLASS"":""Secondary""}",Yes,"{""name"",""surface"",""oneway"",""lanes""}","{""RDNAME"",""RDSURFACE"",""RDONEWAY"",""RDLANES""}",,,,,,,,,,
Parking Aisle,Road,Service,,maki,highway-service,,,,"{""parking aisle""}","{""highway"":""service"",""service"":""parking_aisle""}",,,x,,"{name,nps/unitcode,surface,oneway,nps/trailuse,nps/structure}",20,TRUE,TRUE,TRUE,x,,,highway-service,,,,,,,,Yes,"{""RDSTATUS"":""Existing"",""RDMAINTAINER"":""NPS"",""RDCLASS"":""Service""}",,"{""name"",""surface"",""oneway"",""lanes""}","{""RDNAME"",""RDSURFACE"",""RDONEWAY"",""RDLANES""}",,,,,,,,,,
Service Road,Road,Service,,maki,highway-service,,,,"{""service road"",service,road}","{""highway"":""service""}",,,x,,"{name,nps/unitcode,operator,surface,width,maxspeed,oneway,lanes,nps/trailuse,service,nps/structure}",20,TRUE,TRUE,TRUE,x,,,highway-service,,,,,,,,Yes,"{""RDSTATUS"":""Existing"",""RDMAINTAINER"":""NPS"",""RDCLASS"":""Service""}",,"{""name"",""surface"",""oneway"",""lanes""}","{""RDNAME"",""RDSURFACE"",""RDONEWAY"",""RDLANES""}",,,,,,,,,,
Tertiary Link,Road,Tertiary,,maki,highway-tertiary-link,,,,"{ramp,""on ramp"",""off ramp""}","{""highway"":""tertiary_link""}",,,x,,"{name,nps/unitcode,operator,surface,width,maxspeed,oneway,nps/trailuse,nps/structure}",35,TRUE,TRUE,TRUE,x,,,highway-tertiary-link,,,,,,,,Yes,"{""RDSTATUS"":""Existing"",""RDMAINTAINER"":""NPS"",""RDCLASS"":""Local""}",,"{""name"",""surface"",""oneway"",""lanes""}","{""RDNAME"",""RDSURFACE"",""RDONEWAY"",""RDLANES""}",,,,,,,,,,
Tertiary Road,Road,Tertiary,,maki,highway-tertiary,,,,"{""tertiary road"",tertiary,road}","{""highway"":""tertiary""}",,,x,,"{name,nps/unitcode,operator,surface,width,maxspeed,oneway,lanes,nps/trailuse,nps/structure}",35,TRUE,TRUE,TRUE,x,,,highway-tertiary,,,,,,,,Yes,"{""RDSTATUS"":""Existing"",""RDMAINTAINER"":""NPS"",""RDCLASS"":""Local""}",,"{""name"",""surface"",""oneway"",""lanes""}","{""RDNAME"",""RDSURFACE"",""RDONEWAY"",""RDLANES""}",,,,,,,,,,
Bridge,Road Feature,Bridge,Bridge,,,,,,{bridge},"{""bridge"":""yes""}",x,,,,"{name,nps/unitcode,operator,address}",10,TRUE,TRUE,TRUE,,,,,,,Yes,"{""POITYPE"":""Bridge""}",,"{""name"".""entrance""}","{""POINAME"",""POIFEATTYPE""}",,,,,,,,,,,,,,,
Traffic Signals,Road Feature,Control,,maki,circle,,,,"{""traffic signals"",""traffic signal"",""traffic light"",""stop light"",stoplight}","{""highway"":""traffic_signals""}",x,,,,"{name,nps/unitcode,operator,address}",10,TRUE,TRUE,TRUE,,,,,,,Yes,"{""POITYPE"":""Traffic Signals""}",,"{""name"",""entrance""}","{""POINAME"",""POIFEATTYPE""}",,,,,,,,,,,,,,,
Turning Circle,Road Feature,No-outlet,,maki,circle,,,,"{""turning circle"",cul-de-sac,""dead end street"",""blind alley""}","{""highway"":""turning_circle""}",x,,,,"{name,nps/unitcode,operator,address}",10,TRUE,TRUE,TRUE,,,,,,,Yes,"{""POITYPE"":""Turning Circle""}",,"{""name"",""entrance""}","{""POINAME"",""POIFEATTYPE""}",,,,,,,,,,,,,,,
Tunnel,Road Feature,Tunnel,Tunnel,,,,,,{tunnel},"{""tunnel"":""yes""}",x,,,,"{name,nps/unitcode,operator,address}",10,TRUE,TRUE,TRUE,,,,,,,Yes,"{""POITYPE"":""Tunnel""}",,"{""name"".""entrance""}","{""POINAME"",""POIFEATTYPE""}",,,,,,,,,,,,,,,
Airport,Service,Airport,Airport,npmap-symbol-library,airport-black,,,,"{airport,aeroway,aerodrome}","{""aeroway"":""aerodrome""}",x,,,,"{name,nps/unitcode,operator,address,icao,iata}",10,TRUE,TRUE,TRUE,,x,,,,,Yes,"{""POITYPE"":""Airport""}",,"{""name"",""entrance""}","{""POINAME"",""POIFEATTYPE""}",,,,,,,,,,,,,,,
Airstrip,Service,Airport,Airstrip,maki,airfield,,,,"{airstrip,aeroway,aerodrome,""air field"",""landing field""}","{""aeroway"":""aerodrome"",""aerodrome"":""airstrip""}",x,,,,"{name,nps/unitcode,operator,address,icao,iata}",10,TRUE,TRUE,TRUE,,x,,,,,Yes,"{""POITYPE"":""Airstrip""}",,"{""name"",""entrance""}","{""POINAME"",""POIFEATTYPE""}",,,,,,,,,,,,,,,
Landing Strip,Service,Airport,,maki,airfield,,,,"{aeroway,aerodrome,""air field"",""landing strip"",""landing""}","{""aeroway"":""aerodrome"",""aerodrome"":""airstrip"",""surface"":""ground""}",x,,,,"{name,nps/unitcode,operator,address,icao,iata}",10,TRUE,TRUE,TRUE,,,,,,,,,,,,,,,,,,,,,,,,,,
ATM,Service,Bank,ATM,,,,,,"{""atm"",""Automated teller Machine"",""Cash Dispenser""}","{""amenity"":""atm""}",x,,,,,40,TRUE,TRUE,TRUE,,,,,,,,,,,,,,,,,,,,,,,,,,
Bus Stop / Shuttle Stop,Service,Bus,Bus stop/Shuttle stop,npmap-symbol-library,bus-stop-black,,,,"{""bus stop / shuttle stop"",""bus stop"",""shuttle stop"",""bus station""}","{""highway"":""bus_stop""}",x,,,,"{name,nps/unitcode,operator,address,public_transport,network,shelter,bench}",10,TRUE,TRUE,TRUE,,,,,,,Yes,"{""POITYPE"":""Bus Stop / Shuttle Stop""}",,"{""name"",""entrance""}","{""POINAME"",""POIFEATTYPE""}",,,,,,,,,,,,,,,
Entrance Station,Service,Entrance,,npmap-symbol-library,ranger-station-black,,,,"{""entrance station"",entrance,entry,gateway,portal}","{""barrier"":""entrance""}",x,,,,"{name,nps/unitcode,operator,address,opening_hours}",10,TRUE,TRUE,TRUE,,,,,,,Yes,"{""POITYPE"":""Entrance Station""}",,"{""name"",""entrance""}","{""POINAME"",""POIFEATTYPE""}",,,,,,,,,,,,,,,
Ferry Terminal,Service,Ferry,Vehicle Ferry,maki,ferry,,,,"{""ferry terminal""}","{""amenity"":""ferry_terminal""}",x,,,,"{name,nps/unitcode,operator,address,cargo}",10,TRUE,TRUE,TRUE,,x,,,,,Yes,"{""POITYPE"":""Ferry Terminal""}",,"{""name"",""entrance""}","{""POINAME"",""POIFEATTYPE""}",,,,,,,,,,,,,,,
Food Service,Service,Food,Food service,npmap-symbol-library,food-service-black,,,,"{""food service"",""food court"",cafe,restaurant}","{""amenity"":""food_court""}",x,,,,"{name,nps/unitcode,operator,address,opening_hours}",50,TRUE,TRUE,TRUE,,x,,,,,Yes,"{""POITYPE"":""Food Service""}",,"{""name"",""entrance""}","{""POINAME"",""POIFEATTYPE""}",,,,,,,,,,,Yes,,,"{""name""}","{""Common_Name""}"
Gas Station,Service,Fuel,Gas station,npmap-symbol-library,gas-station-black,,,,"{""gas station"",fuel,""petrol station"",petrol,propane,diesel,lng,""liquified natural gas"",cng,""compressed natural gas"",biodiesel}","{""amenity"":""fuel""}",x,,,,"{name,nps/unitcode,operator,address,opening_hours}",40,TRUE,TRUE,TRUE,,x,,,,,Yes,"{""POITYPE"":""Gas Station""}",,"{""name"",""entrance""}","{""POINAME"",""POIFEATTYPE""}",,,,,,,,,,,,,,,
Brochure Box,Service,Information,,,,,,,"{""brochure box""}","{""tourism"":""information"",""information"":""brochure""}",x,,,,"{name,nps/unitcode,operator,address,opening_hours}",80,TRUE,TRUE,TRUE,,,,,,,,,,,,,,,,,,,,,,,,,,
Exhibit / Wayside,Service,Information,Interpretive exhibit,npmap-symbol-library,information-black,,,,"{""exhibit / wayside"",exhibit,wayside,attraction,""tourist attraction""}","{""tourism"":""information"",""information"":""exhibit""}",x,x,,,"{name,nps/unitcode,operator,address,opening_hours}",80,TRUE,TRUE,TRUE,x,x,,,,,Yes,"{""POITYPE"":""Exhibit / Wayside""}",,"{""name"",""entrance""}","{""POINAME"",""POIFEATTYPE""}",,,,,,,,,,,,,,,
Information,Service,Information,Interpretive exhibit,npmap-symbol-library,information-black,,,,"{information,""tourist information""}","{""tourism"":""information""}",x,,,,"{name,nps/unitcode,operator,address,opening_hours}",80,TRUE,TRUE,TRUE,,x,,,,,Yes,"{""POITYPE"":""Information""}",,"{""name"",""entrance""}","{""POINAME"",""POIFEATTYPE""}",,,,,,,,,,,,,,,
Information Board,Service,Information,,,,,,,"{""bulletin board""}","{""tourism"":""information"",""information"":""board""}",x,,,,"{name,nps/unitcode,operator,address,opening_hours}",80,TRUE,TRUE,TRUE,,,,,,,,,,,,,,,,,,,,,,,,,,
Information Map,Service,Information,Maps,npmap-symbol-library,information-black,,,,"{""information map"",information,map}","{""tourism"":""information"",""information"":""map""}",x,,,,"{name,nps/unitcode,operator,address,opening_hours}",80,TRUE,TRUE,TRUE,,,,,,,Yes,"{""POITYPE"":""Information Map""}",,"{""name"",""entrance""}","{""POINAME"",""POIFEATTYPE""}",,,,,,,,,,,,,,,
Interpretive Sign,Service,Information,,,,,,,"{""interpretive sign""}","{""tourism"":""information"",""information"":""sign""}",x,x,,,"{name,nps/unitcode,operator,address,opening_hours}",80,TRUE,TRUE,TRUE,,,,,,,,,,,,,,,,,,,,,,,,,,
Visitor Center,Service,Information,,npmap-symbol-library,visitor-center-black,,,,"{""visitor center"",""visitor centre"",""visitor information"",information}","{""tourism"":""information"",""information"":""office""}",x,,,,"{name,nps/unitcode,operator,address,opening_hours}",100,TRUE,TRUE,TRUE,,x,,,,,Yes,"{""POITYPE"":""Visitor Center""}",,"{""name"",""entrance""}","{""POINAME"",""POIFEATTYPE""}",,,,,,,,,,,Yes,,,"{""name""}","{""Common_Name""}"
Wi-Fi,Service,Internet,Wi-Fi,,,,,,"{wifi,internet,online}","{""wifi"":""yes""}",x,,,,"{name,nps/unitcode}",10,TRUE,TRUE,TRUE,x,x,,,,,Yes,"{""POITYPE"":""Wifi""}",,"{""name"",""entrance""}","{""POINAME"",""POIFEATTYPE""}",,,,,,,,,,,,,,,
Electric Vehicle Parking,Service,Parking,Parking,,,,,,"{""electric vehicle parking""}","{""amenity"":""parking"",""capacity:charging"":""yes""}",x,,,,"{name,nps/unitcode}",10,TRUE,TRUE,TRUE,,,,,,,,,,,,,,,,,,,,,,,,,,
Parking Lot,Service,Parking,,npmap-symbol-library,parking-black,,,,"{parking,""car parking"",""vehicle parking"",""parking lot"",""car park""}","{""amenity"":""parking""}",x,x,,,"{name,nps/unitcode,operator,address,capacity,maxstay,fee,nps/trailuse}",10,TRUE,TRUE,TRUE,,x,,,,,Yes,"{""POITYPE"":""Parking""}",,"{""name"",""entrance""}","{""POINAME"",""POIFEATTYPE""}",,,,,,,,,,,,,,,
Roadside Pullout,Service,Parking,,,,,,,"{""roadside pullout""}","{""highway"":""rest_area""}",x,,,,,10,TRUE,TRUE,TRUE,,,,,,,,,,,,,,,,,,,,,,,,,,
Mailbox,Service,Post,Post office,,,,,,{mailbox},"{""amenity"":""post_box""}",x,x,,,,10,TRUE,TRUE,TRUE,,,,,,,,,,,,,,,,,,,,,,,,,,
Post Office,Service,Post,,npmap-symbol-library,post-office-black,,,,"{""post office"",""mail office"",post,mail,letter,parcel,package}","{""amenity"":""post_office""}",x,,,,"{name,nps/unitcode,operator,address,opening_hours}",10,TRUE,TRUE,TRUE,,x,,,,,Yes,"{""POITYPE"":""Post Office""}",,"{""name"",""entrance""}","{""POINAME"",""POIFEATTYPE""}",,,,,,,,,,,Yes,,,"{""name""}","{""Common_Name""}"
Metro Stop / Subway Entrance,Service,Rail,Metro Station,maki,rail-metro,,,,"{""metro stop / subway entrance"",""metro stop"",""subway entrance"",""subway exit""}","{""railway"":""subway_entrance""}",x,,,,"{name,nps/unitcode}",10,TRUE,TRUE,TRUE,,,,,,,Yes,"{""POITYPE"":""Metro Stop / Subway Entrance""}",,"{""name"",""entrance""}","{""POINAME"",""POIFEATTYPE""}",,,,,,,,,,,,,,,
Train Station,Service,Rail,,maki,rail,,,,"{""train station"",""railway station""}","{""building"":""train_station""}",x,,,,"{name,nps/unitcode,address,levels,smoking}",10,TRUE,TRUE,TRUE,,x,,,,,Yes,"{""POITYPE"":""Train Station""}",,"{""name"",""entrance""}","{""POINAME"",""POIFEATTYPE""}",,,,,,,,,,,Yes,,,"{""name""}","{""Common_Name""}"
Store,Service,Shopping,,npmap-symbol-library,store-black,,,,"{store,shop,""general store""}","{""shop"":""general""}",x,,,,"{name,nps/unitcode,operator,address,opening_hours}",40,TRUE,TRUE,TRUE,,x,,,,,Yes,"{""POITYPE"":""Store""}",,"{""name"",""entrance""}","{""POINAME"",""POIFEATTYPE""}",,,,,,,,,,,Yes,,,"{""name""}","{""Common_Name""}"
Showers,Service,Showers,Shower,npmap-symbol-library,showers-black,,,,"{showers,shower,bath}","{""amenity"":""shower""}",x,,,,"{name,nps/unitcode,operator,address,opening_hours,fee,access}",10,TRUE,TRUE,TRUE,,x,,,,,Yes,"{""POITYPE"":""Showers""}",,"{""name"",""entrance""}","{""POINAME"",""POIFEATTYPE""}",,,,,,,,,,,Yes,,,"{""name""}","{""Common_Name""}"
Emergency Telephone,Service,Support,,npmap-symbol-library,telephone-black,,,,"{""emergency telephone"",""emergency phone"",phone,emergency}","{""emergency"":""phone""}",x,,,,"{name,nps/unitcode,operator,address}",10,TRUE,TRUE,TRUE,,,,,,,Yes,"{""POITYPE"":""Emergency Telephone""}",,"{""name"",""entrance""}","{""POINAME"",""POIFEATTYPE""}",,,,,,,,,,,,,,,
Fire Station,Service,Support,,maki,fire-station,,,,"{""fire station"",""fire department"",emergency}","{""amenity"":""fire_station""}",x,,,,"{name,nps/unitcode,operator,address}",10,TRUE,TRUE,TRUE,,x,,,,,Yes,"{""POITYPE"":""Fire Station""}",,"{""name"",""entrance""}","{""POINAME"",""POIFEATTYPE""}",,,,,,,,,,,Yes,,,"{""name""}","{""Common_Name""}"
First Aid Station,Service,Support,,npmap-symbol-library,first-aid-black,,,,"{""first aid station"",""first aid"",medical,emergency}","{""amenity"":""first_aid""}",x,,,,"{name,nps/unitcode,operator,address}",10,TRUE,TRUE,TRUE,,x,,,,,Yes,"{""POITYPE"":""First Aid Station""}",,"{""name"",""entrance""}","{""POINAME"",""POIFEATTYPE""}",,,,,,,,,,,,,,,
Hospital,Service,Support,,npmap-symbol-library,hospital-black,,,,"{""hospital grounds"",hospital,ward,institution,infirmary,clinic,""emergency room"",doctor,""health service"",sick,surgery,medical,emergency}","{""amenity"":""hospital""}",x,,,,"{name,nps/unitcode,operator,address,opening_hours,emergency}",10,TRUE,TRUE,TRUE,,x,,,,,Yes,"{""POITYPE"":""Hospital Grounds""}",,"{""name"",""entrance""}","{""POINAME"",""POIFEATTYPE""}",,,,,,,,,,,,,,,
Police,Service,Support,,maki,police,,,,"{police,""police station"",cops,""police force"",badge,constable,detective,fed,""law enforcement"",officer,patrol,emergency}","{""amenity"":""police""}",x,,,,"{name,nps/unitcode,operator,address,opening_hours}",10,TRUE,TRUE,TRUE,,x,,,,,Yes,"{""POITYPE"":""Police""}",,"{""name"",""entrance""}","{""POINAME"",""POIFEATTYPE""}",,,,,,,,,,,,,,,
Ranger Station,Service,Support,,npmap-symbol-library,ranger-station-black,,,,"{""ranger station"",""permit center"",""permit centre"",""backcountry office"",""warden office"",""warden center""}","{""amenity"":""ranger_station""}",x,,,,"{name,nps/unitcode,operator,address,opening_hours}",95,TRUE,TRUE,TRUE,,x,,,,,Yes,"{""POITYPE"":""Ranger Station""}",,"{""name"",""entrance""}","{""POINAME"",""POIFEATTYPE""}",,,,,,,,,,,Yes,,,"{""name""}","{""Common_Name""}"
Telephone,Service,Telephone,,npmap-symbol-library,telephone-black,,,,"{telephone,phone,""telephone box"",""phone booth""}","{""amenity"":""telephone""}",x,,,,"{name,nps/unitcode,operator,address,indoor}",10,TRUE,TRUE,TRUE,,,,,,,Yes,"{""POITYPE"":""Telephone""}",,"{""name"",""entrance""}","{""POINAME"",""POIFEATTYPE""}",,,,,,,,,,,,,,,
Amphitheater,Service,Theater,,npmap-symbol-library,amphitheater-black,,,,"{amphitheater,theatre,theater,""opera house"",playhouse,performance,play,musical}","{""amenity"":""theatre"",""theatre:type"":""amphi""}",x,,,,"{name,nps/unitcode,operator,address}",40,TRUE,TRUE,TRUE,,x,,,,,Yes,"{""POITYPE"":""Amphitheater""}",,"{""name"",""entrance""}","{""POINAME"",""POIFEATTYPE""}",,,,,,,,,,,,,,,
Dumpster,Service,Waste,Trash dumpster,,,,,,{dumpster},"{""amenity"":""waste_disposal""}",x,,,,"{name,nps/unitcode}",10,TRUE,TRUE,TRUE,,,,,,,,,,,,,,,,,,,,,,,,,,
Litter Receptacle,Service,Waste,Litter Recepticle,npmap-symbol-library,litter-receptacle-black,,,,"{""waste basket"",""waste paper basket"",""trash bin"",""waste bin"",trash,rubbish,litter,garbage}","{""amenity"":""waste_basket""}",x,,,,"{name,nps/unitcode,operator,address,waste,bin}",10,TRUE,TRUE,TRUE,,,,,,,Yes,"{""POITYPE"":""Waste Basket""}",,"{""name"",""entrance""}","{""POINAME"",""POIFEATTYPE""}",,,,,,,,,,,,,,,
Recycling,Service,Waste,Recycling,npmap-symbol-library,recycling-black,,,,"{recycling,salvage,garbage,trash,can,bottle,scrap}","{""amenity"":""recycling""}",x,,,,"{name,nps/unitcode,operator,address,recycling/cans,recycling/glass,recycling/paper,recycling/clothes}",10,TRUE,TRUE,TRUE,,x,,,,,Yes,"{""POITYPE"":""Recycling""}",,"{""name"",""entrance""}","{""POINAME"",""POIFEATTYPE""}",,,,,,,,,,,,,,,
Drinking Water,Service,Water,,npmap-symbol-library,drinking-water-black,,,,"{""drinking water"",fountain,potable}","{""amenity"":""drinking_water""}",x,,,,"{name,nps/unitcode,operator,description,indoor,access}",10,TRUE,TRUE,TRUE,,,,,,,Yes,"{""POITYPE"":""Drinking Water""}",,"{""name"",""entrance""}","{""POINAME"",""POIFEATTYPE""}",,,,,,,,,,,,,,,
Fountain,Service,Water,,,,,,,"{fountain,well}","{""amenity"":""fountain""}",x,,,,"{name,nps/unitcode,operator,address,drinking_water,lit}",10,TRUE,TRUE,TRUE,,x,,,,,Yes,"{""POITYPE"":""Fountain""}",,"{""name"",""entrance""}","{""POINAME"",""POIFEATTYPE""}",,,,,,,,,,,,,,,
Radiator Water,Service,Water,Radiator Water,npmap-symbol-library,radiator-water-black,,,,"{""radiator water"",""water tank""}","{""emergency"":""water_tank""}",x,,,,"{name,nps/unitcode,operator,address}",10,TRUE,TRUE,TRUE,,x,,,,,Yes,"{""POITYPE"":""Radiator Water""}",,"{""name"",""entrance""}","{""POINAME"",""POIFEATTYPE""}",,,,,,,,,,,,,,,
Water Well,Service,Water,,,,,,,"{""water well""}","{""man_made"":""water_well""}",x,,,,"{name,nps/unitcode,operator,drinking_water,pump}",10,TRUE,TRUE,TRUE,,x,,,,,Yes,"{""POITYPE"":""Water Well""}",,"{""name"",""entrance""}","{""POINAME"",""POIFEATTYPE""}",,,,,,,,,,,,,,,
All-terrain trail,Trail,Motorized,All-terrain trail,npmap-symbol-library,All-terrain trail,,,,"{""atv trail"",atv,""all terrain vehicle"",quad,4wd,""4 wheeler"",""four-wheeler"",off-road,""off road"",trail,track,structure}","{""highway"":""track"",""atv"":""yes""}",,,x,,"{name,nps/unitcode,operator,tracktype,surface,width,incline,mtb/scale,mtb/scale/uphill,mtb/scale/imba,sac_scale,trail_visibility,nps/trailuse,nps/structure}",15,TRUE,TRUE,TRUE,x,,,highway-track,,,Yes,"{""POITYPE"":""ATV Trail""}",,"{""name"",""entrance""}","{""POINAME"",""POIFEATTYPE""}",,,,,,Yes,"{""TRLFEATTYPE"":""Park Trail"",""TRLSTATUS"":""Existing"",""TRLTYPE"":""Unknown"",""TRLUSE_ATV"":""Yes""}",,"{""name"",""tracktype""}","{""TRLNAME"",""TRLCLASS""}",,,,,
Four Wheel Drive Road,Road,Four Wheel Drive,,npmap-symbol-library,four-wheel-drive-road-black,,,,"{""four-wheel drive road"",4wd,""4 wheeler"",""4-wheeler"",""four wheeler"",""four-wheeler""}","{""highway"":""road"",""4wd_only"":""yes""}",,,x,,"{name,nps/unitcode,operator,surface,width,maxspeed,oneway,lanes,nps/trailuse,nps/structure}",15,TRUE,TRUE,TRUE,x,,,highway-road,,,,,,,,Yes,"{""RDSTATUS"":""Existing"",""RDMAINTAINER"":""NPS"",""RDCLASS"":""4WD""}",,"{""name"",""surface"",""oneway"",""lanes""}","{""RDNAME"",""RDSURFACE"",""RDONEWAY"",""RDLANES""}",,,,,,,,,,
Four-Wheel Drive Trail,Trail,Motorized,All-terrain trail,npmap-symbol-library,four-wheel-drive-road-black,,,,"{""four-wheel drive trail"",atv,""all terrain vehicle"",quad,4wd,""4 wheeler"",""four-wheeler"",off-road,""off road"",trail,track}","{""highway"":""track"",""4wd_only"":""yes""}",,,x,,"{name,nps/unitcode,operator,tracktype,surface,width,incline,mtb/scale,mtb/scale/uphill,mtb/scale/imba,sac_scale,trail_visibility,nps/trailuse,nps/structure}",15,TRUE,TRUE,TRUE,x,,,highway-track,,,Yes,"{""POITYPE"":""Four-Wheel Drive Trail""}",,"{""name"",""entrance""}","{""POINAME"",""POIFEATTYPE""}",,,,,,Yes,"{""TRLFEATTYPE"":""Park Trail"",""TRLSTATUS"":""Existing"",""TRLTYPE"":""Unknown"",""TRLUSE_4WD"":""Yes""}",,"{""name"",""surface"",""tracktype""}","{""TRLNAME"",""TRLSURFACE"",""TRLCLASS""}",,,,,
Motorcycle Trail,Trail,Motorized,,npmap-symbol-library,motor-bike-trail-black,,,,"{""motorcycle trail"",motorcycle,trail,track}","{""highway"":""track"",""motorcycle"":""yes""}",,,x,,"{name,nps/unitcode,operator,tracktype,surface,width,incline,mtb/scale,mtb/scale/uphill,mtb/scale/imba,sac_scale,trail_visibility,nps/trailuse,nps/structure}",15,TRUE,TRUE,TRUE,x,,,highway-track,,,Yes,"{""POITYPE"":""Motorcycle Trail""}",,"{""name"",""entrance""}","{""POINAME"",""POIFEATTYPE""}",,,,,,Yes,"{""TRLFEATTYPE"":""Park Trail"",""TRLSTATUS"":""Existing"",""TRLTYPE"":""Unknown"",""TRLUSE_MOTORCYCLE"":""Yes""}",,"{""name"",""surface"",""tracktype""}","{""TRLNAME"",""TRLSURFACE"",""TRLCLASS""}",,,,,
Motorized Trail,Trail,Water,,npmap-symbol-library,trailhead-black,,,,"{track,trail,path}","{""highway"":""track""}",,,x,,"{name,nps/unitcode,operator,tracktype,surface,width,incline,mtb/scale,mtb/scale/uphill,mtb/scale/imba,sac_scale,trail_visibility,nps/trailuse,nps/structure}",25,TRUE,TRUE,TRUE,x,,,highway-track,,,Yes,"{""POITYPE"":""Track""}",,"{""name"",""entrance""}","{""POINAME"",""POIFEATTYPE""}",,,,,,Yes,"{""TRLFEATTYPE"":""Park Trail"",""TRLSTATUS"":""Existing"",""TRLTYPE"":""Unknown""}",,"{""name"",""surface"",""tracktype""}","{""TRLNAME"",""TRLSURFACE"",""TRLCLASS""}",,,,,
Motorized Watercraft Trail,Trail,Water,,maki,water,,,,"{""motorized watercraft trail"",""motorized watercraft"",motorboat,trail,track}","{""motorboat"":""yes"",""waterway"":""yes""}",,,x,,"{name,nps/unitcode,operator,whitewater,width,section_grade,nps/wateruse}",25,TRUE,TRUE,TRUE,x,,,highway-track,,,,,,,,,,,,,Yes,"{""TRLFEATTYPE"":""Park Trail"",""TRLSTATUS"":""Existing"",""TRLTYPE"":""Unknown"",""TRLUSE_MOTORBOAT"":""Yes""}",,"{""name"",""surface"",""tracktype""}","{""TRLNAME"",""TRLSURFACE"",""TRLCLASS""}",,,,,
Snowmobile Trail,Trail,Motorized,,npmap-symbol-library,snowmobile-trail-black,,,,"{""snowmobile trail"",snowmobile,""snow machine"",trail,track}","{""highway"":""track"",""snowmobile"":""yes""}",,,x,,"{name,nps/unitcode,operator,tracktype,surface,width,incline,mtb/scale,mtb/scale/uphill,mtb/scale/imba,sac_scale,trail_visibility,nps/trailuse,nps/structure}",15,TRUE,TRUE,TRUE,x,,,highway-track,,,Yes,"{""POITYPE"":""Snowmobile Trail""}",,"{""name"",""entrance""}","{""POINAME"",""POIFEATTYPE""}",,,,,,Yes,"{""TRLFEATTYPE"":""Park Trail"",""TRLSTATUS"":""Existing"",""TRLTYPE"":""Unknown"",""TRLUSE_SNOWMOBILE"":""Yes""}",,"{""name"",""surface"",""tracktype""}","{""TRLNAME"",""TRLSURFACE"",""TRLCLASS""}",,,,,
Backcountry Ski Trail,Trail,Non-Motorized,Downhill skiing,npmap-symbol-library,downhill-skiing-black,,,,"{""backcountry ski trail"",""backcountry ski"",backcountry,trail,track,structure}","{""piste:type"":""skitour""}",,,x,,"{name,nps/unitcode,operator,tracktype,surface,width,incline,mtb/scale,mtb/scale/uphill,mtb/scale/imba,sac_scale,trail_visibility,nps/nonmotorizeduse,piste/difficulty}",12,TRUE,TRUE,TRUE,x,,,highway-path,,,Yes,"{""POITYPE"":""Backcountry Ski Trail""}",,"{""name"",""entrance""}","{""POINAME"",""POIFEATTYPE""}",,,,,,Yes,"{""TRLFEATTYPE"":""Park Trail"",""TRLSTATUS"":""Existing"",""TRLTYPE"":""Unknown"",""TRLUSE_SKITOUR"":""Yes""}",,"{""name"",""tracktype""}","{""TRLNAME"",""TRLCLASS""}",,,,,
Bicycle Trail,Trail,Non-Motorized,Bicycle trail,npmap-symbol-library,bicycle-trail-black,,,,"{""bicycle trail"",bicycle,trail,track}","{""highway"":""path"",""bicycle"":""yes""}",,,x,,"{name,nps/unitcode,operator,tracktype,surface,width,incline,mtb/scale,mtb/scale/uphill,mtb/scale/imba,sac_scale,trail_visibility,nps/nonmotorizeduse,nps/structure}",12,TRUE,TRUE,TRUE,x,,,highway-track,,,Yes,"{""POITYPE"":""Bicycle Trail""}",,"{""name"",""entrance""}","{""POINAME"",""POIFEATTYPE""}",,,,,,Yes,"{""TRLFEATTYPE"":""Park Trail"",""TRLSTATUS"":""Existing"",""TRLTYPE"":""Unknown"",""TRLUSE_BICYCLE"":""Yes""}",,"{""name"",""tracktype""}","{""TRLNAME"",""TRLCLASS""}",,,,,
Canyoneering Route,Trail,Non-Motorized,Climbing,,,,,,"{""canyoneering route""}","{""highway"":""path"",""sport"":""canyoning""}",,,x,,"{name,nps/unitcode}",12,TRUE,TRUE,TRUE,,,,,,,,,,,,,,,,,,,,,,,,,,
Climbing Route,Trail,Non-Motorized,Climbing,,,,,,"{""climbing route""}","{""highway"":""path"",""sport"":""climbing""}",,,x,,"{name,nps/unitcode}",12,TRUE,TRUE,TRUE,,,,,,,,,,,,,,,,,,,,,,,,,,
Cross-Country Ski Trail,Trail,Non-Motorized,Cross country ski trail,npmap-symbol-library,cross-country-ski-trail-black,,,,"{""cross-country ski trail"",""cross-country ski"",cross-country,""nordic ski trail"",""nordic ski"",nordic,xcs,trail,track}","{""piste:type"":""nordic""}",,,x,,"{name,nps/unitcode,operator,tracktype,surface,width,incline,mtb/scale,mtb/scale/uphill,mtb/scale/imba,sac_scale,trail_visibility,nps/nonmotorizeduse,piste/difficulty}",12,TRUE,TRUE,TRUE,x,,,highway-path,,,Yes,"{""POITYPE"":""Cross-Country Ski Trail""}",,"{""name"",""entrance""}","{""POINAME"",""POIFEATTYPE""}",,,,,,Yes,"{""TRLFEATTYPE"":""Park Trail"",""TRLSTATUS"":""Existing"",""TRLTYPE"":""Unknown"",""TRLUSE_NORDIC"":""Yes""}",,"{""name"",""tracktype""}","{""TRLNAME"",""TRLCLASS""}",,,,,
Dog Sled Trail,Trail,Non-Motorized,,,,,,,"{""dog sled trail"",""dog sled"",""mushing trail"",""mushing"",""winter track"",trail,track}","{""piste:type"":""sleigh""}",,,x,,"{name,nps/unitcode,operator,tracktype,surface,width,incline,mtb/scale,mtb/scale/uphill,mtb/scale/imba,sac_scale,trail_visibility,nps/nonmotorizeduse,piste/difficulty}",12,TRUE,TRUE,TRUE,x,,,highway-track,,,Yes,"{""POITYPE"":""Dog Sled Trail""}",,"{""name"",""entrance""}","{""POINAME"",""POIFEATTYPE""}",,,,,,Yes,"{""TRLFEATTYPE"":""Park Trail"",""TRLSTATUS"":""Existing"",""TRLTYPE"":""Unknown"",""TRLUSE_DOGSLED"":""Yes""}",,"{""name"",""tracktype""}","{""TRLNAME"",""TRLCLASS""}",,,,,
Downhill Ski Trail,Trail,Non-Motorized,Downhill skiing,npmap-symbol-library,downhill-skiing-black,,,,"{""downhill ski trail"",""downhill ski"",downhill,""alpine ski trail"",""alpine ski"",alpine,trail,track}","{""piste:type"":""downhill""}",,,x,,"{name,nps/unitcode,operator,tracktype,surface,width,incline,mtb/scale,mtb/scale/uphill,mtb/scale/imba,sac_scale,trail_visibility,nps/nonmotorizeduse,piste/difficulty}",12,TRUE,TRUE,TRUE,x,,,highway-path,,,Yes,"{""POITYPE"":""Downhill Ski Trail""}",,"{""name"",""entrance""}","{""POINAME"",""POIFEATTYPE""}",,,,,,Yes,"{""TRLFEATTYPE"":""Park Trail"",""TRLSTATUS"":""Existing"",""TRLTYPE"":""Unknown"",""TRLUSE_DOWNHILL"":""Yes""}",,"{""name"",""tracktype""}","{""TRLNAME"",""TRLCLASS""}",,,,,
Horseback Riding,Trail,Non-Motorized,Horseback riding,npmap-symbol-library,horseback-riding-black,,,,"{""equestrian trail"",equestrian,bridleway,""horse riding"",horse,trail,track}","{""highway"":""path"",""horse"":""yes""}",,,x,,"{name,nps/unitcode,operator,tracktype,surface,width,incline,mtb/scale,mtb/scale/uphill,mtb/scale/imba,sac_scale,trail_visibility,nps/nonmotorizeduse,nps/structure}",12,TRUE,TRUE,TRUE,x,,,highway-track,,,Yes,"{""POITYPE"":""Equestrian Trail""}",,"{""name"",""entrance""}","{""POINAME"",""POIFEATTYPE""}",,,,,,Yes,"{""TRLFEATTYPE"":""Park Trail"",""TRLSTATUS"":""Existing"",""TRLTYPE"":""Unknown"",""TRLUSE_HORSE"":""Yes""}",,"{""name"",""surface"",""tracktype""}","{""TRLNAME"",""TRLSURFACE"",""TRLCLASS""}",,,,,
Non-Motorized Trail,Trail,Non-Motorized,,npmap-symbol-library,trailhead-black,,,,"{trail,path,track,hike,hiking,trackway,walk,footpath}","{""highway"":""path""}",,,x,,"{name,nps/unitcode,operator,tracktype,surface,width,incline,mtb/scale,mtb/scale/uphill,mtb/scale/imba,sac_scale,trail_visibility,nps/nonmotorizeduse,nps/structure}",12,TRUE,TRUE,TRUE,x,,,highway-path,,,Yes,"{""POITYPE"":""Trail""}",,"{""name"",""entrance""}","{""POINAME"",""POIFEATTYPE""}",,,,,,Yes,"{""TRLFEATTYPE"":""Park Trail"",""TRLSTATUS"":""Existing"",""TRLTYPE"":""Unknown"",""TRLUSE_FOOT"":""Yes""}",,"{""name"",""surface"",""tracktype""}","{""TRLNAME"",""TRLSURFACE"",""TRLCLASS""}",,,,,
Non-Motorized Watercraft Trail,Trail,Non-Motorized,,npmap-symbol-library,canoe-access-black,,,,"{""non-motorized watercraft trail"",""non-motorized watercraft"",canoe,kayak,raft,trail,track}","{""canoe"":""yes"",""waterway"":""yes""}",,,x,,"{name,nps/unitcode,operator,whitewater,width,section_grade,nps/wateruse}",12,TRUE,TRUE,TRUE,x,,,highway-track,,,,,,,,,,,,,Yes,"{""TRLFEATTYPE"":""Park Trail"",""TRLSTATUS"":""Existing"",""TRLTYPE"":""Unknown"",""TRLUSE_CANOE"":""Yes""}",,"{""name"",""surface"",""tracktype""}","{""TRLNAME"",""TRLSURFACE"",""TRLCLASS""}",,,,,
Pedestrian Path,Trail,Non-Motorized,,maki,highway-footway,,,,"{""footway"",""pedestrian path"",""pedestrian trail""}","{""highway"":""footway""}",,,x,,"{name,nps/unitcode,""surface"",""lit"",""width"",""structure"",""access""}",12,TRUE,TRUE,TRUE,,,,,,,,,,,,,,,,,,,,,,,,,,
Sidewalk,Trail,Non-Motorized,,,,,,,"{sidewalk,footway}","{""highway"":""footway"",""footway"":""sidewalk""}",,,x,,"{name,nps/unitcode,operator,surface,lit,width,nps/nonmotorizeduse,nps/structure}",12,TRUE,TRUE,TRUE,x,,,,,,Yes,"{""POITYPE"":""Sidewalk""}",,"{""name"",""entrance""}","{""POINAME"",""POIFEATTYPE""}",,,,,,Yes,"{""TRLFEATTYPE"":""Sidewalk"",""TRLSTATUS"":""Existing"",""TRLTYPE"":""Unknown""}",,"{""name"",""surface"",""tracktype""}","{""TRLNAME"",""TRLSURFACE"",""TRLCLASS""}",,,,,
Snowshoe Trail,Trail,Non-Motorized,Snowshoeing,,,,,,"{""snowshoe trail"",snowshoe,trail,track}","{""piste:type"":""hike""}",,,x,,"{name,nps/unitcode,operator,tracktype,surface,width,incline,mtb/scale,mtb/scale/uphill,mtb/scale/imba,sac_scale,trail_visibility,nps/nonmotorizeduse,piste/difficulty}",12,TRUE,TRUE,TRUE,x,,,highway-path,,,Yes,"{""POITYPE"":""Snowshoe Trail""}",,"{""name"",""entrance""}","{""POINAME"",""POIFEATTYPE""}",,,,,,Yes,"{""TRLFEATTYPE"":""Park Trail"",""TRLSTATUS"":""Existing"",""TRLTYPE"":""Unknown"",""TRLUSE_SNOWSHOE"":""Yes""}",,"{""name"",""surface"",""tracktype""}","{""TRLNAME"",""TRLSURFACE"",""TRLCLASS""}",,,,,
Steps,Trail,Non-Motorized,,maki,highway-steps,,,,"{""stairs"",""staircase"",""steps""}","{""highway"":""steps""}",,,x,,"{""surface"",""lit"",""width"",""incline_steps"",""access""}",12,TRUE,TRUE,TRUE,,,,,,,,,,,,,,,,,,,,,,,,,,
Ferry Route,Trail,Water,,maki,ferry,,,,"{""ferry""}","{""route"":""ferry""}",,,x,,"{name,nps/unitcode}",25,TRUE,TRUE,TRUE,,,,,,,,,,,,,,,,,,,,,,,,,,
Boat Launch,Water Recreation,Access,Hand launch/Small boat launch,npmap-symbol-library,boat-launch-black,,,,"{""boat launch"",slipway,""boat ramp""}","{""leisure"":""slipway""}",x,,,,"{name,nps/unitcode,operator,whitewater,width,section_grade,nps/wateruse}",10,TRUE,TRUE,TRUE,x,,,,,,Yes,"{""POITYPE"":""Boat Launch""}",,"{""name"",""entrance""}","{""POINAME"",""POIFEATTYPE""}",,,,,,,,,,,,,,,
Canoe / Kayak Access,Water Recreation,Access,Canoe access,npmap-symbol-library,canoe-access-black,,,,"{""canoe access"",canoe,kayak,raft,trail,track}","{""leisure"":""slipway"",""canoe"":""yes""}",x,,,,"{name,nps/unitcode,operator,whitewater,width,section_grade,nps/wateruse}",10,TRUE,TRUE,TRUE,,,,,,,Yes,"{""POITYPE"":""Canoe Access""}",,"{""name"",""entrance""}","{""POINAME"",""POIFEATTYPE""}",,,,,,,,,,,,,,,
Anchorage,Water Recreation,Boat,,,,,,,"{""anchorage""}","{""seamark:anchorage:category"":""*""}",x,,,,"{name,nps/unitcode}",10,TRUE,TRUE,TRUE,,,,,,,,,,,,,,,,,,,,,,,,,,
Mooring,Water Recreation,Boat,,,,,,,"{""mooring""}","{""mooring"":""*""}",x,,,,"{name,nps/unitcode}",10,TRUE,TRUE,TRUE,,,,,,,,,,,,,,,,,,,,,,,,,,
Sailing,Water Recreation,Boat,Sail,npmap-symbol-library,sailing-black,,,,{sailing},"{""sport"":""sailing""}",x,,,,"{name,nps/unitcode}",10,TRUE,TRUE,TRUE,x,x,,,,,Yes,"{""POITYPE"":""Sailing""}",,"{""name"",""entrance""}","{""POINAME"",""POIFEATTYPE""}",,,,,,,,,,,,,,,
Zebra Mussel Decontamination Station,Water Recreation,Boat,Zebra mussel decontamination station,,,,,,"{""zebra mussel decontamination station""}","{""amenity"":""boat_wash"",""type"":""zebra_mussel""}",x,,,,"{name,nps/unitcode}",10,TRUE,TRUE,TRUE,,,,,,,,,,,,,,,,,,,,,,,,,,
Buoy,Water Recreation,Boat,,,,,,,"{""buoy""}","{""man_made"":""buoy""}",x,,,,"{name,nps/unitcode}",10,TRUE,TRUE,TRUE,,,,,,,,,,,,,,,,,,,,,,,,,,
Fish Cleaning,Water Recreation,Fishing,Fish cleaning,,,,,,"{""fish cleaning""}","{""amenity"":""fish_cleaning""}",x,,,,"{name,nps/unitcode}",10,TRUE,TRUE,TRUE,,,,,,,,,,,,,,,,,,,,,,,,,,
Fish Hatchery,Water Recreation,Fishing,Fish hatchery,,,,,,"{""fish hatchery""}","{""landuse"":""aquaculture""}",x,,,,"{name,nps/unitcode}",10,TRUE,TRUE,TRUE,,,,,,,,,,,,,,,,,,,,,,,,,,
Fishing,Water Recreation,Fishing,Fishing,npmap-symbol-library,fishing-black,,,,{fishing},"{""leisure"":""fishing""}",x,,,,"{name,nps/unitcode}",10,TRUE,TRUE,TRUE,,x,,,,,Yes,"{""POITYPE"":""Fishing""}",,"{""name"",""entrance""}","{""POINAME"",""POIFEATTYPE""}",,,,,,,,,,,,,,,
Lighthouse,Water Recreation,Lighthouse,,,,,,,"{""lighthouse""}","{""man_made"":""lighthouse""}",x,,,,"{name,nps/unitcode}",10,TRUE,TRUE,TRUE,,,,,,,,,,,,,,,,,,,,,,,,,,
Marina,Water Recreation,Boat,Marina,npmap-symbol-library,marina-black,,,,"{marina,harbour,harbor}","{""leisure"":""marina""}",x,,,,"{name,nps/unitcode,operator,address,capacity,mooring}",10,TRUE,TRUE,TRUE,,x,,,,,Yes,"{""POITYPE"":""Marina""}",,"{""name"",""entrance""}","{""POINAME"",""POIFEATTYPE""}",,,,,,,,,,,,,,,
Scuba Diving,Water Recreation,Scuba,,npmap-symbol-library,scuba-diving-black,,,,"{""scuba diving""}","{""sport"":""scuba_diving""}",x,,,,"{name,nps/unitcode}",10,TRUE,TRUE,TRUE,x,x,,,,,Yes,"{""POITYPE"":""Scuba Diving""}",,"{""name"",""entrance""}","{""POINAME"",""POIFEATTYPE""}",,,,,,,,,,,,,,,
Swimming Area,Water Recreation,Swimming,,npmap-symbol-library,swimming-black,,,,"{""swimming area""}","{""sport"":""swimming""}",x,,,,"{name,nps/unitcode}",10,TRUE,TRUE,TRUE,,x,,,,,Yes,"{""POITYPE"":""Swimming Area""}",,"{""name"",""entrance""}","{""POINAME"",""POIFEATTYPE""}",,,,,,,,,,,,,,,
Wind Surfing Area,Water Recreation,Wind Surfing,,npmap-symbol-library,wind-surfing-black,,,,"{""wind surfing area""}","{""sport"":""windsurfing""}",x,,,,"{name,nps/unitcode}",10,TRUE,TRUE,TRUE,x,x,,,,,Yes,"{""POITYPE"":""Wind Surfing Area""}",,"{""name"",""entrance""}","{""POINAME"",""POIFEATTYPE""}",,,,,,,,,,,,,,,
Cross-Country Ski Trail,Winter Recreation,Cross-Country Skiing,Cross country ski trail,npmap-symbol-library,cross-country-ski-trail-black,,,,"{""cross-country ski trail"",""cross-country ski"",cross-country,""nordic ski trail"",""nordic ski"",nordic,xcs,trail,track}","{""piste:type"":""nordic""}",x,,,,"{name,nps/unitcode,operator,tracktype,surface,width,incline,mtb/scale,mtb/scale/uphill,mtb/scale/imba,sac_scale,trail_visibility,nps/nonmotorizeduse,piste/difficulty}",10,TRUE,TRUE,TRUE,x,,,highway-path,,,Yes,"{""POITYPE"":""Cross-Country Ski Trail""}",,"{""name"",""entrance""}","{""POINAME"",""POIFEATTYPE""}",,,,,,Yes,"{""TRLFEATTYPE"":""Park Trail"",""TRLSTATUS"":""Existing"",""TRLTYPE"":""Unknown"",""TRLUSE_NORDIC"":""Yes""}",,"{""name"",""tracktype""}","{""TRLNAME"",""TRLCLASS""}",,,,,
Dog Sled Trail,Winter Recreation,Dog Sled,,,,,,,"{""dog sled trail"",""dog sled"",""mushing trail"",""mushing"",""winter track"",trail,track}","{""piste:type"":""sleigh""}",x,,,,"{name,nps/unitcode,operator,tracktype,surface,width,incline,mtb/scale,mtb/scale/uphill,mtb/scale/imba,sac_scale,trail_visibility,nps/nonmotorizeduse,piste/difficulty}",10,TRUE,TRUE,TRUE,x,,,highway-track,,,Yes,"{""POITYPE"":""Dog Sled Trail""}",,"{""name"",""entrance""}","{""POINAME"",""POIFEATTYPE""}",,,,,,Yes,"{""TRLFEATTYPE"":""Park Trail"",""TRLSTATUS"":""Existing"",""TRLTYPE"":""Unknown"",""TRLUSE_DOGSLED"":""Yes""}",,"{""name"",""tracktype""}","{""TRLNAME"",""TRLCLASS""}",,,,,
Backcountry Ski Trail,Winter Recreation,Downing Skiing,Downhill skiing,,,,,,"{""backcountry ski trail"",""backcountry ski"",backcountry,trail,track,structure}","{""piste:type"":""skitour""}",x,,,,"{name,nps/unitcode,operator,tracktype,surface,width,incline,mtb/scale,mtb/scale/uphill,mtb/scale/imba,sac_scale,trail_visibility,nps/nonmotorizeduse,piste/difficulty}",10,TRUE,TRUE,TRUE,x,,,highway-path,,,Yes,"{""POITYPE"":""Backcountry Ski Trail""}",,"{""name"",""entrance""}","{""POINAME"",""POIFEATTYPE""}",,,,,,Yes,"{""TRLFEATTYPE"":""Park Trail"",""TRLSTATUS"":""Existing"",""TRLTYPE"":""Unknown"",""TRLUSE_SKITOUR"":""Yes""}",,"{""name"",""tracktype""}","{""TRLNAME"",""TRLCLASS""}",,,,,
Downhill Ski Trail,Winter Recreation,Downing Skiing,Downhill skiing,npmap-symbol-library,downhill-skiing-black,,,,"{""downhill ski trail"",""downhill ski"",downhill,""alpine ski trail"",""alpine ski"",alpine,trail,track}","{""piste:type"":""downhill""}",x,,,,"{name,nps/unitcode,operator,tracktype,surface,width,incline,mtb/scale,mtb/scale/uphill,mtb/scale/imba,sac_scale,trail_visibility,nps/nonmotorizeduse,piste/difficulty}",10,TRUE,TRUE,TRUE,x,,,highway-path,,,Yes,"{""POITYPE"":""Downhill Ski Trail""}",,"{""name"",""entrance""}","{""POINAME"",""POIFEATTYPE""}",,,,,,Yes,"{""TRLFEATTYPE"":""Park Trail"",""TRLSTATUS"":""Existing"",""TRLTYPE"":""Unknown"",""TRLUSE_DOWNHILL"":""Yes""}",,"{""name"",""tracktype""}","{""TRLNAME"",""TRLCLASS""}",,,,,
Ice Rink,Winter Recreation,Ice Skating,,npmap-symbol-library,ice-skating-black,,,,"{""ice rink"",hockey,skating,curling}","{""leisure"":""ice_rink""}",x,,,,"{name,nps/unitcode,operator,address,opening_hours,seasonal,sport}",10,TRUE,TRUE,TRUE,,x,,,,,Yes,"{""POITYPE"":""Ice Rink""}",,"{""name"",""entrance""}","{""POINAME"",""POIFEATTYPE""}",,,,,,,,,,,,,,,
Sledding,Winter Recreation,Sled,,npmap-symbol-library,sledding-black,,,,"{sledding,sled}","{""piste:type"":""sled""}",x,,,,"{name,nps/unitcode,operator,tracktype,surface,width,incline,mtb/scale,mtb/scale/uphill,mtb/scale/imba,sac_scale,trail_visibility,nps/nonmotorizeduse,piste/difficulty}",10,TRUE,TRUE,TRUE,x,,,,,,Yes,"{""POITYPE"":""Sledding""}",,"{""name"",""entrance""}","{""POINAME"",""POIFEATTYPE""}",,,,,,,,,,,,,,,
Snowmobile Trail,Winter Recreation,Snowmobile,,npmap-symbol-library,snowmobile-trail-black,,,,"{""snowmobile trail"",snowmobile,""snow machine"",trail,track}","{""highway"":""track"",""snowmobile"":""yes""}",x,,,,"{name,nps/unitcode,operator,tracktype,surface,width,incline,mtb/scale,mtb/scale/uphill,mtb/scale/imba,sac_scale,trail_visibility,nps/trailuse,nps/structure}",10,TRUE,TRUE,TRUE,x,,,highway-track,,,Yes,"{""POITYPE"":""Snowmobile Trail""}",,"{""name"",""entrance""}","{""POINAME"",""POIFEATTYPE""}",,,,,,Yes,"{""TRLFEATTYPE"":""Park Trail"",""TRLSTATUS"":""Existing"",""TRLTYPE"":""Unknown"",""TRLUSE_SNOWMOBILE"":""Yes""}",,"{""name"",""surface"",""tracktype""}","{""TRLNAME"",""TRLSURFACE"",""TRLCLASS""}",,,,,
Snowshoe Trail,Winter Recreation,Snowshoe,Snowshoeing,,,,,,"{""snowshoe trail"",snowshoe,trail,track}","{""piste:type"":""hike""}",x,,,,"{name,nps/unitcode,operator,tracktype,surface,width,incline,mtb/scale,mtb/scale/uphill,mtb/scale/imba,sac_scale,trail_visibility,nps/nonmotorizeduse,piste/difficulty}",10,TRUE,TRUE,TRUE,x,,,highway-path,,,Yes,"{""POITYPE"":""Snowshoe Trail""}",,"{""name"",""entrance""}","{""POINAME"",""POIFEATTYPE""}",,,,,,Yes,"{""TRLFEATTYPE"":""Park Trail"",""TRLSTATUS"":""Existing"",""TRLTYPE"":""Unknown"",""TRLUSE_SNOWSHOE"":""Yes""}",,"{""name"",""surface"",""tracktype""}","{""TRLNAME"",""TRLSURFACE"",""TRLCLASS""}",,,,,
